sample_id,order_id,lot_id,wafer_id,product_id,route_id,process_step,equipment_name,chamber_id,process_time_sec,target_bad_a,eds_bin_no_wf_mean,eds_bin_a_wf_mean,eds_bin_b_wf_mean,eds_bin_c_wf_mean,eds_yield_wf_mean,sensor_temp_zone1_mean,sensor_temp_zone2_mean,sensor_pressure_chamber_mean,sensor_rf_power_mean,sensor_gas_flow_o2_mean,sensor_gas_flow_ar_mean,sensor_vacuum_leak_rate,sensor_plasma_impedance_std,sensor_endpoint_time_sec,sensor_plasma_instability_score,measure_cd_post_etch_mean_nm,measure_cd_post_etch_std_nm,measure_overlay_x_nm,measure_overlay_y_nm,measure_thickness_post_cvd_nm,measure_film_resistance_ohm,measure_inline_particle_density,midproc_defect_particle_count,midproc_defect_scratch_count,midproc_defect_bridge_count,midproc_defect_residue_count,midproc_defect_void_count,midproc_defect_pattern_collapse_count,midproc_defect_microbridge_count,bad_only_residue_signature,good_only_stable_signature,sim_true_defect_a_flag,sim_true_defect_b_flag,sim_true_defect_c_flag,sim_true_defect_d_flag,sim_dominant_defect
O002_W0000,2,LOT_02_08,7,P_B,R_BASE,PHOTO,CMP_01,CH_D,1781.9,0,1.0406,0.0006,0.0257,0.001,0.9422,323.398,313.808,2.9998,855.434,125.251,207.963,0.0905,0.4399,71.088,0.3356,43.8591,1.9073,2.8505,7.9284,767.0957,34.8384,0.22606,4,0,1,3,1,0,0,,1.2570253687574424,0,0,0,0,GOOD
O002_W0001,2,LOT_02_07,1,P_B,R_BASE,ETCH,CVD_01,CH_D,2150.5,1,1.4827,0.1754,0.0212,0.0264,0.9222,316.892,316.421,3.7062,889.151,120.325,206.73,0.12084,0.6354,59.667,0.4641,41.7848,1.6729,8.4873,-8.3272,753.7115,42.8029,0.20839,6,1,2,7,2,0,7,8.814668915219734,,1,0,0,0,A
O002_W0002,2,LOT_02_06,16,P_A,R_FAST,CMP,ETCH_02,CH_A,1685.2,0,0.9947,0.0412,0.0021,0.0,0.9471,320.313,319.104,2.9559,862.692,114.576,207.117,0.06424,0.3565,65.251,-0.4318,41.2868,1.0561,5.2052,-0.4602,809.3744,36.788,0.13472,7,0,0,0,3,2,0,,0.9089394339227326,0,0,0,0,GOOD
O002_W0003,2,LOT_02_04,8,P_C,R_BASE,CMP,CMP_01,CH_B,1681.2,0,1.5883,0.0681,0.1395,0.0248,0.9088,334.209,319.523,2.8539,868.399,127.128,222.74,0.0789,0.3673,55.302,1.349,43.533,0.6585,4.7479,-3.3077,770.7279,33.9272,0.21423,2,0,6,3,1,2,0,,0.9316413047946418,0,1,0,0,B
O002_W0004,2,LOT_02_01,20,P_B,R_BASE,ETCH,PHOTO_01,CH_A,1922.8,0,1.3214,0.0217,0.1662,0.0384,0.922,319.475,316.349,3.1224,881.279,134.32,210.12,0.10469,0.3464,57.035,-0.0487,42.1824,1.1464,1.799,-9.6985,787.632,37.4451,0.19183,4,0,5,0,2,3,0,,0.727653880256435,0,1,0,0,B
O002_W0005,2,LOT_02_07,23,P_C,R_BASE,PHOTO,CMP_01,CH_A,1743.8,0,1.5281,0.0413,0.0094,0.0472,0.8842,321.421,317.839,2.9986,843.328,117.279,195.928,0.12762,0.4447,61.796,1.1594,43.0094,1.007,8.1095,-0.769,815.6776,41.8773,0.17426,7,0,2,1,1,0,0,,1.1756352294644148,0,0,0,1,D
O002_W0006,2,LOT_02_03,6,P_A,R_BASE,ETCH,CVD_01,CH_B,2018.1,0,1.3782,0.0466,0.0464,0.0415,0.9471,323.048,314.688,2.753,833.706,120.474,216.126,0.09652,0.2593,65.183,-1.2867,41.5953,1.2921,-2.907,2.1056,789.4162,37.3482,0.17619,4,0,0,2,1,0,0,,1.154632519122374,0,0,0,0,GOOD
O002_W0007,2,LOT_02_04,1,P_B,R_BASE,CVD,ETCH_02,CH_C,1836.9,0,1.1399,0.0494,0.0277,0.0366,0.9389,318.223,314.5,3.3799,848.228,123.577,210.237,0.02002,0.6159,58.505,0.6909,39.7954,1.4373,-6.2662,-4.6926,801.1711,38.1305,0.13585,5,0,2,1,1,0,0,,0.8282000834652734,0,0,0,0,GOOD
O002_W0008,2,LOT_02_04,16,P_B,R_FAST,CMP,CMP_01,CH_D,1677.2,0,1.3293,0.0698,0.0267,0.0218,0.9298,323.677,319.393,2.9089,822.151,115.987,214.773,0.12355,0.513,58.003,-1.2293,40.3708,1.0968,-3.6473,3.4967,755.0301,38.0539,0.29281,4,0,1,3,0,0,0,,1.0358525107104857,0,0,0,0,GOOD
O002_W0009,2,LOT_02_03,17,P_B,R_REWORK,ETCH,ETCH_01,CH_C,2155.5,0,1.4486,0.0389,0.134,0.06,0.9042,328.926,312.146,3.2867,899.26,132.057,210.779,0.08914,0.2914,60.484,0.294,45.3076,1.3824,9.7975,1.9517,783.3204,40.0987,0.12653,5,1,5,3,3,3,1,,0.9542749300208426,0,1,0,0,B
O002_W0010,2,LOT_02_05,10,P_B,R_BASE,CVD,PHOTO_01,CH_A,1803.9,1,1.4303,0.1723,0.0029,0.0245,0.9095,324.436,308.08,3.6298,859.142,129.342,216.432,0.14038,0.397,59.06,1.5159,44.3467,1.9045,-3.7612,-7.3022,757.7057,38.1299,0.12766,3,0,0,1,2,0,1,11.092855848518104,,1,0,0,0,A
O002_W0011,2,LOT_02_03,12,P_B,R_BASE,CVD,ETCH_01,CH_C,1874.7,0,1.2113,0.0309,0.0194,0.0339,0.9434,332.69,319.416,2.8863,853.002,121.151,206.387,0.11686,0.5197,61.936,0.9711,40.6333,1.4424,-0.9556,0.8761,780.9797,33.7043,0.05465,8,0,0,1,0,1,0,,1.0044878613794501,0,0,0,0,GOOD
O002_W0012,2,LOT_02_04,18,P_B,R_BASE,CVD,ETCH_03,CH_C,1933.5,1,1.914,0.198,0.1383,0.0,0.8739,320.233,315.411,3.698,922.593,129.72,202.453,0.12168,0.3846,66.567,0.4023,43.3718,1.5966,-0.7322,-0.5252,790.9109,38.8182,0.21874,3,1,4,8,0,2,2,11.055302812868069,,1,1,0,0,A
O002_W0013,2,LOT_02_06,8,P_C,R_BASE,ETCH,ETCH_02,CH_A,1960.2,0,1.4004,0.0527,0.0297,0.036,0.9168,327.835,317.387,2.5049,890.458,124.217,210.766,0.0723,0.4808,64.535,0.8878,41.9779,0.9865,-2.2417,-0.8761,758.6176,37.2793,0.28675,4,3,3,3,2,0,0,,1.2433663740556966,0,0,0,0,GOOD
O002_W0014,2,LOT_02_02,4,P_A,R_BASE,CVD,ETCH_03,CH_C,1962.3,1,1.506,0.1517,0.0151,0.0447,0.8979,324.74,320.289,3.4387,896.447,116.159,203.932,0.13413,0.6036,64.406,0.7433,45.163,1.4825,2.4973,-0.8742,775.1522,42.7707,0.17129,4,0,5,6,1,0,6,9.590659012531034,,1,0,0,0,A
O002_W0015,2,LOT_02_04,3,P_A,R_BASE,ETCH,PHOTO_01,CH_B,1986.9,0,1.2092,0.042,0.0296,0.0,0.9307,322.245,323.768,2.942,873.151,111.296,192.247,0.05614,0.337,60.408,-0.3119,40.7132,1.2827,-10.2762,10.3737,782.7709,38.6423,0.15006,3,0,0,0,2,2,0,,1.1695020197312054,0,0,0,0,GOOD
O002_W0016,2,LOT_02_02,2,P_B,R_BASE,ETCH,ETCH_02,CH_D,2044.0,0,1.2597,0.0412,0.0346,0.0042,0.9268,320.088,317.32,2.9234,855.38,116.951,213.55,0.07731,0.3632,60.908,-0.2467,42.4085,0.9222,-1.6101,6.3608,784.4118,38.2965,0.16438,5,3,2,2,3,0,0,,0.8244012646745602,0,0,0,0,GOOD
O002_W0017,2,LOT_02_06,17,P_A,R_FAST,CMP,PHOTO_01,CH_C,1818.5,1,1.7198,0.196,0.0279,0.0415,0.9021,324.274,318.766,3.3626,900.378,118.779,215.223,0.10837,0.4325,64.733,0.8296,45.8106,2.2624,0.4823,0.0169,770.5931,40.4431,0.18564,4,2,1,3,2,1,7,8.90903776693255,,1,0,0,0,A
O002_W0018,2,LOT_02_08,15,P_A,R_BASE,PHOTO,CMP_01,CH_C,1769.3,0,1.0307,0.0,0.0527,0.0364,0.9382,322.748,322.127,2.8643,878.15,134.665,212.831,0.11036,0.249,62.166,2.0983,44.7966,0.9422,0.2303,1.2487,812.8797,40.6981,0.17019,2,1,3,2,1,1,1,,0.9489892739703457,0,0,0,0,GOOD
O002_W0019,2,LOT_02_01,15,P_B,R_BASE,ETCH,ETCH_01,CH_C,1794.8,0,1.1715,0.0338,0.0234,0.0386,0.94,324.812,318.173,2.8038,857.82,133.388,189.963,0.08205,0.6506,66.756,0.3923,43.4194,0.9565,-2.3976,3.0476,802.0741,37.1789,0.14964,3,0,1,2,1,0,0,,1.1793718931969446,0,0,0,0,GOOD
O002_W0020,2,LOT_02_02,16,P_A,R_BASE,CVD,PHOTO_01,CH_A,1730.1,0,1.2214,0.0425,0.0466,0.0176,0.9212,311.069,317.045,2.7445,815.701,128.879,207.213,0.04485,0.4977,59.09,-0.7828,40.1225,1.0826,-4.3861,2.1032,758.1441,34.2627,0.15628,4,1,1,2,3,2,1,,0.9580447884156451,0,0,0,0,GOOD
O002_W0021,2,LOT_02_06,24,P_A,R_FAST,CVD,ETCH_03,CH_D,1895.1,0,1.1599,0.0241,0.0422,0.0,0.9414,319.37,317.544,3.1155,816.212,128.222,207.216,0.0858,0.5871,64.998,1.7104,40.9847,1.0037,1.0259,-1.6461,823.5215,42.5609,0.21768,5,2,0,3,2,0,1,,0.8151121018484251,0,0,0,0,GOOD
O002_W0022,2,LOT_02_06,24,P_C,R_REWORK,PHOTO,PHOTO_01,CH_C,1803.4,0,1.5319,0.0639,0.1313,0.0008,0.925,320.957,311.747,2.6146,906.348,124.403,205.846,0.09151,0.7259,58.681,0.1439,44.7884,1.0282,11.5859,-7.1422,774.1715,40.1056,0.25114,5,0,3,1,1,2,0,,1.0627356229400986,0,1,0,0,B
O002_W0023,2,LOT_02_04,10,P_B,R_FAST,PHOTO,ETCH_01,CH_B,1711.6,0,1.2604,0.0353,0.0212,0.0365,0.9325,337.012,327.533,2.6541,861.871,129.516,203.38,0.07206,0.5894,65.68,-1.1281,43.8036,1.4578,-3.1608,-5.2518,775.9855,33.3447,0.20497,5,0,2,2,1,0,0,,0.8167347586907507,0,0,0,0,GOOD
O002_W0024,2,LOT_02_04,22,P_C,R_BASE,ETCH,CVD_01,CH_B,2071.2,0,1.1958,0.0318,0.0129,0.022,0.9317,328.934,316.422,2.6066,880.454,112.09,213.429,0.08698,0.424,64.962,-0.4439,43.4051,1.005,-6.2651,-0.5581,765.4675,43.3825,0.17692,6,1,0,1,4,0,1,,0.8389504561103482,0,0,0,0,GOOD
O002_W0025,2,LOT_02_06,7,P_A,R_BASE,ETCH,ETCH_03,CH_B,1924.1,0,1.1761,0.0196,0.0123,0.0251,0.9336,315.292,319.133,3.2678,922.453,115.299,208.507,0.06475,0.5168,61.431,0.5772,40.7441,1.0049,1.5818,-0.6801,785.2652,36.303,0.14573,10,0,3,1,2,1,3,,1.039364935970079,0,0,0,0,GOOD
O002_W0026,2,LOT_02_06,23,P_C,R_BASE,ETCH,ETCH_02,CH_A,1871.2,0,1.5237,0.0548,0.1225,0.0491,0.9134,322.583,322.376,2.8172,841.434,121.251,226.066,0.07031,0.3965,64.46,-1.6662,40.4295,1.123,5.2581,-16.6863,776.8713,39.3865,0.22571,3,1,5,5,0,4,0,,1.0490951427544197,0,1,0,0,B
O002_W0027,2,LOT_02_03,25,P_B,R_BASE,CVD,CVD_01,CH_D,1924.9,0,1.6046,0.0116,0.1369,0.1159,0.9123,322.519,313.857,3.0359,796.199,119.372,224.44,0.07494,0.6302,62.634,0.0452,41.577,1.0709,10.7241,-6.715,753.4416,40.0396,0.30629,10,7,6,1,2,3,1,,0.9316713473114975,0,1,1,0,B
O002_W0028,2,LOT_02_07,21,P_B,R_BASE,CMP,CMP_01,CH_C,1780.7,0,1.712,0.0533,0.1521,0.1181,0.8915,316.444,303.849,3.0026,862.474,124.305,218.119,0.13598,0.579,50.321,-1.2829,40.774,1.0468,13.7163,1.8787,780.2814,39.9034,0.30487,4,6,2,5,2,1,0,,0.9772955921615367,0,1,1,0,B
O002_W0029,2,LOT_02_02,6,P_A,R_BASE,ETCH,ETCH_03,CH_D,2038.8,0,1.4361,0.0689,0.0327,0.0208,0.9275,303.875,326.324,3.1548,814.276,103.548,211.919,0.05414,0.3985,55.853,-0.5698,40.3685,1.3586,8.639,-5.5619,765.2625,43.4034,0.09395,4,1,1,1,1,0,2,,1.0331001038355268,0,0,0,0,GOOD
O002_W0030,2,LOT_02_08,20,P_C,R_REWORK,ETCH,ETCH_01,CH_B,2087.5,0,1.4329,0.0738,0.045,0.0265,0.9161,322.022,323.053,3.2531,929.511,132.941,213.064,0.09794,0.2155,65.299,1.5492,40.2732,1.4643,11.751,0.8391,803.6447,43.1929,0.14448,4,1,1,2,3,1,0,,0.9459299961110416,0,0,0,0,GOOD
O002_W0031,2,LOT_02_05,12,P_B,R_BASE,CMP,CVD_01,CH_A,1948.1,1,1.6639,0.1462,0.1581,0.0251,0.8924,323.903,317.446,3.2805,915.937,127.767,193.993,0.13197,0.5622,64.113,-0.2814,47.6717,2.2512,1.8456,-6.954,787.1643,35.2061,0.10574,4,0,7,10,1,0,7,7.17697547957032,,1,1,0,0,A
O002_W0032,2,LOT_02_08,21,P_B,R_BASE,CMP,ETCH_03,CH_A,1793.1,1,1.9397,0.1997,0.1283,0.0341,0.8785,320.244,323.61,3.3855,883.554,117.497,215.995,0.12414,0.652,65.042,1.4734,43.8592,2.0706,10.7085,2.3985,786.0608,38.0252,0.1439,6,0,7,13,3,0,4,10.087108822078326,,1,1,0,0,A
O002_W0033,2,LOT_02_05,14,P_C,R_BASE,CVD,CVD_01,CH_B,1716.5,0,1.3096,0.0027,0.0175,0.0478,0.9389,319.588,318.649,3.0312,869.321,137.254,216.702,0.08173,0.4126,62.127,0.8487,40.5907,0.6427,-0.4834,1.9857,778.2703,38.0632,0.17397,3,0,0,1,2,2,2,,1.0536203378472908,0,0,0,0,GOOD
O002_W0034,2,LOT_02_01,2,P_B,R_BASE,CVD,CVD_01,CH_D,1827.9,0,1.2164,0.015,0.0351,0.0215,0.9598,327.261,324.68,3.2324,861.603,125.006,200.081,0.03758,0.356,63.73,-0.2126,43.455,0.8679,3.6287,3.3986,810.3157,41.7671,0.21587,3,0,1,2,1,1,0,,1.1257615834562982,0,0,0,0,GOOD
O002_W0035,2,LOT_02_04,24,P_A,R_FAST,CVD,ETCH_02,CH_C,1853.3,0,1.718,0.0477,0.0049,0.0152,0.9172,315.028,316.706,2.486,877.426,131.08,199.766,0.09603,0.2835,60.586,0.223,40.4661,1.4541,-0.3396,-0.6131,768.5232,39.9932,0.19422,4,2,0,2,6,0,1,,1.1434121929394452,0,0,0,1,D
O002_W0036,2,LOT_02_06,13,P_B,R_BASE,CMP,CMP_01,CH_C,1707.1,0,0.9971,0.0077,0.0251,0.0,0.9631,322.678,317.829,3.1541,853.151,118.559,209.917,0.09175,0.488,61.4,0.1996,41.3964,1.1638,-2.3514,2.5774,770.3812,37.1415,0.194,3,0,1,3,0,0,1,,1.0356150892365565,0,0,0,0,GOOD
O002_W0037,2,LOT_02_03,20,P_B,R_BASE,CMP,CVD_01,CH_D,1549.5,0,1.3692,0.0234,0.0359,0.1242,0.9232,321.745,316.03,3.1791,848.703,129.275,208.989,0.09398,0.6798,64.686,-0.4751,40.9344,0.9027,-0.8155,-1.3473,791.6517,38.4271,0.17865,8,3,0,4,1,0,0,,0.8473373514715773,0,0,1,0,C
O002_W0038,2,LOT_02_03,25,P_B,R_REWORK,CVD,CVD_01,CH_D,1678.5,0,1.2969,0.035,0.0225,0.0316,0.9171,310.378,325.353,3.0702,853.899,125.011,189.945,0.08936,0.4255,65.446,0.2227,39.763,1.3333,-6.719,0.5301,814.9564,35.4087,0.16829,6,1,0,2,0,2,0,,1.2043472088604341,0,0,0,0,GOOD
O002_W0039,2,LOT_02_03,9,P_A,R_BASE,ETCH,CVD_01,CH_C,1869.2,1,1.8116,0.2086,0.0215,0.0219,0.876,316.125,322.437,3.2296,913.083,132.41,213.442,0.08225,0.5108,61.93,1.0692,46.2409,1.9033,-1.0029,-1.6015,775.9544,40.4771,0.23458,7,0,0,5,1,2,8,8.269963384469794,,1,0,0,0,A
O002_W0040,2,LOT_02_02,17,P_C,R_BASE,CVD,ETCH_02,CH_B,1803.8,0,1.2738,0.0616,0.0276,0.0392,0.9399,317.266,325.308,2.8189,896.577,124.129,209.243,0.09049,0.3708,65.067,-0.152,45.183,1.4794,1.7616,4.6863,767.77,39.5504,0.18819,4,0,1,2,2,0,1,,1.3817733177441591,0,0,0,0,GOOD
O002_W0041,2,LOT_02_03,23,P_B,R_BASE,ETCH,CMP_01,CH_C,1980.1,0,1.4353,0.037,0.1397,0.0103,0.9297,322.102,317.327,2.668,884.626,122.338,225.818,0.06872,0.4548,60.148,1.3706,40.5573,1.4218,3.1675,-10.7554,759.5833,42.2591,0.1365,2,1,5,4,3,1,1,,1.2534525739706135,0,1,0,0,B
O002_W0042,2,LOT_02_04,24,P_B,R_REWORK,ETCH,CMP_01,CH_A,2056.5,0,1.3948,0.0484,0.0075,0.1311,0.9165,325.376,310.465,3.1307,857.318,119.821,194.782,0.09357,0.3763,67.48,-0.1641,42.2387,1.2403,-5.5744,-2.1452,765.292,38.799,0.1641,6,2,2,0,3,1,1,,1.0473067616578076,0,0,1,0,C
O002_W0043,2,LOT_02_04,23,P_A,R_BASE,CVD,ETCH_03,CH_D,1908.3,0,1.1849,0.0369,0.0095,0.0339,0.9299,320.886,309.189,3.2049,839.684,125.01,203.083,0.05577,0.5322,76.98,-0.2414,43.3252,1.4133,-1.1248,0.6915,787.2696,35.2127,0.13132,8,0,2,3,2,3,1,,1.044361409877638,0,0,0,0,GOOD
O002_W0044,2,LOT_02_05,7,P_A,R_FAST,PHOTO,ETCH_02,CH_A,1871.0,0,1.2611,0.0594,0.0191,0.0104,0.9527,323.271,310.758,3.289,878.204,116.245,204.733,0.10379,0.4348,63.075,0.7397,42.9049,1.2638,-2.4991,4.1944,787.1134,35.1205,0.2542,8,0,1,2,1,0,0,,1.0927505111763693,0,0,0,0,GOOD
O002_W0045,2,LOT_02_03,18,P_A,R_BASE,CVD,ETCH_01,CH_C,1738.9,0,1.4203,0.0408,0.1401,0.0323,0.9173,309.635,317.19,3.1369,855.882,116.773,219.117,0.07664,0.4936,67.419,-0.5274,43.9195,0.9418,6.2521,-3.308,799.0346,37.4438,0.16962,3,1,3,2,1,3,0,,0.7004451961239039,0,1,0,0,B
O002_W0046,2,LOT_02_02,21,P_A,R_REWORK,CMP,ETCH_02,CH_A,1882.2,1,1.4121,0.1653,0.0235,0.021,0.9154,324.582,320.229,3.3663,858.851,124.123,212.756,0.0953,0.5358,66.936,1.1777,46.3412,0.9987,-4.3237,-6.3714,756.3386,39.567,0.12404,6,0,0,8,0,1,7,10.680839108233718,,1,0,0,0,A
O002_W0047,2,LOT_02_06,3,P_C,R_BASE,PHOTO,CVD_01,CH_C,1754.6,0,1.1828,0.0317,0.0278,0.0019,0.9343,309.726,313.878,2.7744,852.58,124.875,214.37,0.05881,0.5706,63.0,0.9067,42.6862,1.3696,0.005,-0.1419,779.4706,41.8272,0.18161,3,0,1,5,2,1,2,,0.9376618993683554,0,0,0,0,GOOD
O002_W0048,2,LOT_02_03,13,P_B,R_REWORK,ETCH,PHOTO_01,CH_A,2012.3,1,1.8629,0.178,0.0434,0.0483,0.8946,316.366,313.868,3.3337,877.293,126.501,191.685,0.12096,0.591,62.922,1.401,47.076,1.7885,8.8499,-4.5466,768.1122,45.6721,0.20411,4,1,2,9,1,2,6,10.073815839479344,,1,0,0,0,A
O002_W0049,2,LOT_02_04,9,P_B,R_BASE,CMP,ETCH_03,CH_B,1862.6,0,1.3211,0.0466,0.0388,0.0,0.943,322.498,322.394,3.1467,855.475,137.221,215.549,0.06471,0.3088,64.189,0.0674,44.1309,1.051,1.1346,1.4908,783.0909,40.5053,0.16483,7,1,0,2,4,0,1,,0.8647084127076946,0,0,0,0,GOOD
O002_W0050,2,LOT_02_05,25,P_C,R_FAST,ETCH,ETCH_03,CH_D,2124.9,0,1.2672,0.039,0.0325,0.1078,0.9266,318.376,313.084,3.3396,879.259,135.263,191.053,0.10314,0.6123,61.718,-0.4921,40.6607,1.2358,4.0887,2.2933,812.0648,39.3375,0.23159,9,2,2,2,2,0,0,,1.2213886781175596,0,0,1,0,C
O002_W0051,2,LOT_02_05,22,P_A,R_BASE,CVD,ETCH_02,CH_D,1949.4,0,1.2654,0.0527,0.0293,0.0124,0.9461,316.179,324.775,2.4601,832.675,124.917,210.365,0.09328,0.4854,57.227,-0.2487,40.767,1.7627,1.0128,-10.1668,767.4487,39.6375,0.08501,4,0,1,2,2,2,0,,1.0556613502018735,0,0,0,0,GOOD
O002_W0052,2,LOT_02_01,3,P_A,R_BASE,CMP,ETCH_02,CH_B,1725.7,0,1.3618,0.0654,0.0396,0.1277,0.9024,326.821,322.145,3.2708,835.66,115.874,212.034,0.07233,0.5776,62.478,-0.9168,38.6937,1.3172,0.8033,-4.3857,792.7709,34.4247,0.29875,6,3,0,1,0,0,0,,1.1053897562755792,0,0,1,0,C
O002_W0053,2,LOT_02_03,14,P_C,R_BASE,CMP,ETCH_01,CH_B,1901.5,0,1.123,0.0217,0.0167,0.0234,0.9224,324.91,319.875,2.4038,838.556,120.708,235.925,0.11562,0.2603,66.14,0.4177,42.4644,1.3687,2.7,-0.0306,762.4366,36.2147,0.2212,2,0,0,6,1,0,2,,0.9846626264625433,0,0,0,0,GOOD
O002_W0054,2,LOT_02_05,5,P_C,R_FAST,CMP,ETCH_01,CH_A,1860.7,0,1.5602,0.0278,0.0143,0.0022,0.9037,318.629,318.267,3.0179,853.934,117.077,196.439,0.06528,0.5366,60.189,-0.0393,42.6105,1.1604,-2.9544,5.9777,829.2504,41.3683,0.17199,6,2,2,1,6,0,1,,1.163467378812308,0,0,0,1,D
O002_W0055,2,LOT_02_06,4,P_B,R_BASE,ETCH,PHOTO_01,CH_A,2020.5,0,1.1649,0.0272,0.0321,0.0231,0.9465,321.553,316.123,2.8706,886.542,103.972,198.437,0.05357,0.4913,67.506,-0.6121,42.2322,1.3104,-5.0945,-2.3769,784.2573,37.4101,0.29824,5,0,1,3,2,0,1,,1.084849502607547,0,0,0,0,GOOD
O002_W0056,2,LOT_02_03,13,P_B,R_BASE,ETCH,ETCH_03,CH_A,2074.0,0,1.0986,0.0214,0.0178,0.0135,0.9779,318.096,316.789,3.145,861.634,118.722,217.831,0.06872,0.2994,60.801,-0.351,43.2282,0.9526,-4.0285,4.4973,803.716,37.7932,0.15302,5,1,1,4,0,1,1,,1.1173971288087239,0,0,0,0,GOOD
O002_W0057,2,LOT_02_07,14,P_A,R_BASE,ETCH,CVD_01,CH_A,1917.8,1,1.4396,0.169,0.024,0.0207,0.9134,313.366,314.489,3.442,902.207,140.59,205.283,0.1196,0.4028,72.53,1.432,42.968,2.0709,0.3584,6.0498,783.7817,36.6647,0.23203,1,1,1,8,1,2,4,10.156849404572027,,1,0,0,0,A
O002_W0058,2,LOT_02_05,20,P_B,R_BASE,ETCH,ETCH_01,CH_D,2073.3,0,1.1417,0.0405,0.0,0.0214,0.9625,324.923,314.369,2.6478,874.875,134.452,208.584,0.09097,0.4045,62.895,1.0691,40.8374,1.2521,-2.3836,-0.2637,774.7949,40.6664,0.19305,2,0,0,1,2,1,0,,0.9282031972378816,0,0,0,0,GOOD
O002_W0059,2,LOT_02_02,5,P_B,R_BASE,ETCH,ETCH_03,CH_C,1893.0,0,1.0336,0.0209,0.0005,0.0211,0.9518,318.016,308.771,3.2095,848.855,121.555,206.211,0.07156,0.3348,65.104,0.8036,41.2665,1.0098,-0.2202,2.3654,782.5089,39.966,0.16872,5,1,0,0,2,0,2,,0.9034356872627686,0,0,0,0,GOOD
O002_W0060,2,LOT_02_01,14,P_B,R_BASE,PHOTO,CVD_01,CH_B,1776.1,0,1.1719,0.0389,0.019,0.0192,0.9306,329.285,308.872,2.76,854.225,128.283,216.376,0.08786,0.6866,63.803,0.6609,39.8959,0.9331,4.9158,6.7303,791.9918,36.0698,0.12804,3,2,0,1,1,3,1,,1.337227895545928,0,0,0,0,GOOD
O002_W0061,2,LOT_02_07,17,P_A,R_BASE,CVD,ETCH_01,CH_B,1681.9,0,1.3835,0.0174,0.0168,0.138,0.9276,313.612,316.667,2.7296,847.564,127.645,218.597,0.02583,0.4402,66.574,-0.4059,40.4398,1.4463,13.0509,-4.3689,784.0221,40.1359,0.15294,5,3,2,3,1,0,2,,0.8937572346150653,0,0,1,0,C
O002_W0062,2,LOT_02_04,25,P_B,R_BASE,ETCH,PHOTO_01,CH_D,2031.1,0,1.2847,0.0352,0.1314,0.0347,0.9262,314.309,327.813,2.7796,907.769,112.677,229.296,0.06805,0.6154,55.84,0.9993,40.7814,0.9756,2.3574,0.8313,782.9497,38.2254,0.1493,5,0,4,1,4,4,0,,0.9535951621329174,0,1,0,0,B
O002_W0063,2,LOT_02_01,15,P_C,R_BASE,CMP,CVD_01,CH_D,1902.7,0,1.2616,0.0522,0.0515,0.0164,0.9057,320.48,315.633,2.8963,876.282,117.436,210.202,0.06577,0.4567,57.996,-0.794,41.1084,1.0704,7.6763,-0.8617,790.166,35.3964,0.14835,6,0,4,4,1,0,2,,1.0976630460136243,0,0,0,0,GOOD
O002_W0064,2,LOT_02_06,18,P_B,R_REWORK,ETCH,ETCH_02,CH_A,2078.9,0,1.1885,0.0222,0.0261,0.0061,0.9554,320.166,320.443,2.8506,871.765,125.788,200.712,0.08558,0.3634,62.03,-0.3294,42.3793,1.3144,8.9993,-2.3431,765.9975,39.3526,0.22606,3,1,0,3,1,1,1,,1.0211400406590037,0,0,0,0,GOOD
O002_W0065,2,LOT_02_01,1,P_B,R_BASE,CMP,ETCH_02,CH_D,1807.2,0,1.0955,0.0351,0.0211,0.0181,0.9437,317.494,321.438,2.9257,859.796,113.654,195.845,0.08901,0.3972,64.709,0.2652,45.1579,1.1173,7.0763,1.956,785.5174,33.2238,0.2292,7,1,2,2,1,0,0,,0.9090898189255638,0,0,0,0,GOOD
O002_W0066,2,LOT_02_01,17,P_A,R_FAST,CVD,ETCH_03,CH_C,1911.6,0,1.1736,0.014,0.0077,0.0206,0.9637,328.313,319.387,3.1739,827.383,132.696,210.9,0.05821,0.2984,60.639,0.2601,42.1422,1.1141,-4.5448,2.7419,764.4804,38.2223,0.12734,1,2,0,1,0,0,0,,1.132407917317822,0,0,0,0,GOOD
O002_W0067,2,LOT_02_05,20,P_B,R_BASE,ETCH,PHOTO_01,CH_B,2027.1,1,1.5502,0.1707,0.0153,0.1211,0.8825,319.555,321.686,3.2761,901.552,117.87,206.653,0.11059,0.6225,64.452,0.9487,43.7963,1.9605,3.8217,0.181,772.4425,38.8199,0.29994,6,3,2,9,0,0,8,12.393281996648621,,1,0,1,0,A
O002_W0068,2,LOT_02_03,17,P_A,R_FAST,CVD,CVD_01,CH_B,1771.7,0,1.5012,0.0581,0.1195,0.0153,0.9141,326.599,321.597,2.7552,830.728,129.777,196.08,0.09118,0.4575,66.103,-1.2218,43.1996,1.0574,11.4128,-6.2789,809.1412,34.8124,0.19115,6,1,5,0,1,4,0,,0.8975738309720208,0,1,0,0,B
O002_W0069,2,LOT_02_02,11,P_A,R_BASE,CMP,CMP_01,CH_C,1823.4,1,1.7291,0.1713,0.0183,0.0345,0.9181,309.305,322.491,3.4179,847.25,123.971,192.261,0.10833,0.4386,68.532,2.5986,44.7798,1.749,-10.9656,-1.579,786.5518,39.3027,0.17344,2,0,0,7,1,1,7,11.854833900570423,,1,0,0,0,A
O002_W0070,2,LOT_02_07,24,P_A,R_BASE,ETCH,CVD_01,CH_D,2054.8,1,1.4816,0.1405,0.0077,0.0322,0.9097,322.965,312.648,3.4063,923.601,123.844,204.289,0.0598,0.5831,62.137,3.2933,44.8818,1.9871,-2.9568,2.9527,783.3414,35.7184,0.19037,3,2,2,6,3,0,3,8.163560309601287,,1,0,0,0,A
O002_W0071,2,LOT_02_04,18,P_A,R_FAST,PHOTO,ETCH_01,CH_B,1838.7,0,1.3643,0.0161,0.0013,0.0246,0.9256,322.082,312.746,3.0139,819.774,127.859,220.952,0.12823,0.6335,59.379,0.9538,39.9924,1.075,-4.2004,0.9714,836.6757,43.8403,0.148,4,0,0,1,5,1,0,,0.8369224743933964,0,0,0,1,D
O002_W0072,2,LOT_02_05,4,P_A,R_BASE,ETCH,PHOTO_01,CH_C,2103.7,0,1.0818,0.0356,0.0,0.0181,0.9536,316.216,318.67,2.9933,894.349,127.858,194.752,0.08328,0.3726,61.806,-0.0517,44.5189,1.3207,-11.6235,-11.2979,791.1196,36.9828,0.17791,3,2,0,1,1,0,0,,1.239117260082606,0,0,0,0,GOOD
O002_W0073,2,LOT_02_06,23,P_A,R_BASE,PHOTO,CVD_01,CH_B,1846.0,0,1.361,0.05,0.1122,0.0034,0.9282,317.224,330.277,3.0611,842.871,138.932,217.952,0.10742,0.3962,64.133,0.5406,41.2714,1.0555,1.9346,-1.3458,775.6745,35.2955,0.25003,5,0,8,1,3,4,1,,1.0077351553214502,0,1,0,0,B
O002_W0074,2,LOT_02_05,9,P_A,R_BASE,CMP,ETCH_02,CH_C,1793.2,0,1.1566,0.0592,0.0052,0.0369,0.9193,319.312,317.529,2.8325,849.277,129.286,201.458,0.10143,0.3894,52.692,1.7291,43.9152,1.1585,-0.1466,1.9971,806.9492,39.9001,0.21875,1,2,2,1,2,1,0,,0.98005734990163,0,0,0,0,GOOD
O002_W0075,2,LOT_02_06,8,P_B,R_BASE,PHOTO,ETCH_01,CH_C,1966.7,0,1.3986,0.0754,0.0375,0.0242,0.9212,314.821,318.586,3.2746,870.595,128.345,208.184,0.05185,0.6093,65.823,0.0755,44.8424,0.8057,2.7531,0.8706,744.8464,36.6366,0.17605,4,0,2,2,2,1,1,,0.9956336482969191,0,0,0,0,GOOD
O002_W0076,2,LOT_02_03,7,P_B,R_BASE,PHOTO,ETCH_02,CH_D,1702.3,0,1.4173,0.0123,0.1583,0.0264,0.9273,318.87,317.181,3.2048,857.688,131.534,221.592,0.07568,0.3213,60.902,-0.6752,43.7474,1.3136,3.4157,-5.4653,794.9058,36.5483,0.1844,2,0,6,2,0,0,1,,1.1611743676915218,0,1,0,0,B
O002_W0077,2,LOT_02_02,12,P_A,R_BASE,ETCH,CMP_01,CH_C,1946.7,0,1.2777,0.0484,0.0185,0.041,0.936,333.945,318.008,2.8677,861.579,136.45,196.203,0.09045,0.2817,61.866,-0.1216,43.2885,1.0912,-4.8314,-0.1082,786.8397,37.509,0.19459,3,0,1,3,2,0,1,,0.9330543991632908,0,0,0,0,GOOD
O002_W0078,2,LOT_02_06,16,P_A,R_BASE,CVD,CMP_01,CH_A,1649.7,0,1.4426,0.0638,0.0,0.014,0.9093,326.671,304.913,2.8757,835.473,121.24,209.169,0.02596,0.3741,54.12,1.4644,42.4624,1.0479,-4.191,4.3047,811.7192,37.334,0.21733,1,1,0,0,4,0,2,,0.8859264059504466,0,0,0,1,D
O002_W0079,2,LOT_02_05,12,P_A,R_BASE,ETCH,PHOTO_01,CH_B,1890.2,0,1.619,0.0343,0.0163,0.0639,0.8704,322.981,317.563,3.1633,865.44,132.071,195.482,0.11012,0.4997,65.767,-0.1574,44.3691,1.6687,2.3647,-5.0849,776.6669,43.2045,0.07269,5,1,3,3,3,0,0,,0.8918955235781089,0,0,0,1,D
O002_W0080,2,LOT_02_08,2,P_B,R_BASE,PHOTO,CVD_01,CH_D,1756.9,0,1.2204,0.0534,0.0033,0.0443,0.9328,316.104,323.315,3.1353,851.187,115.224,213.159,0.09908,0.4256,70.196,-0.4598,42.1524,1.3624,1.6493,2.7684,796.251,33.8301,0.21067,2,1,0,4,2,2,0,,1.1516677274167768,0,0,0,0,GOOD
O002_W0081,2,LOT_02_05,21,P_A,R_FAST,ETCH,ETCH_01,CH_C,1965.4,1,1.5831,0.2198,0.02,0.0118,0.8665,318.405,321.741,3.4496,901.156,128.648,204.71,0.12464,0.5278,61.47,0.8209,43.1974,2.0547,-2.4621,-12.1371,762.0647,35.4082,0.26323,2,0,1,7,0,0,5,8.603400872613198,,1,0,0,0,A
O002_W0082,2,LOT_02_03,16,P_C,R_FAST,CVD,CVD_01,CH_D,1751.6,0,1.1651,0.0729,0.009,0.0,0.9478,323.106,318.194,3.0322,789.201,120.168,212.257,0.08985,0.4225,60.454,0.0745,41.9569,0.652,-0.7346,-9.7466,784.9783,37.3044,0.19363,4,0,0,1,1,0,1,,1.1868534806413684,0,0,0,0,GOOD
O002_W0083,2,LOT_02_07,24,P_A,R_REWORK,CMP,ETCH_01,CH_C,1977.9,1,1.6304,0.0489,0.1543,0.001,0.8925,329.976,323.395,3.0473,844.022,135.343,195.129,0.10254,0.4761,66.166,-0.331,45.5553,1.2028,-2.2416,2.4265,803.3606,36.7842,0.13492,4,1,4,1,0,0,1,9.711231510636685,,0,1,0,0,B
O002_W0084,2,LOT_02_07,3,P_A,R_BASE,CVD,CMP_01,CH_B,1829.1,0,1.5851,0.0553,0.0099,0.0375,0.8963,320.386,315.598,3.0798,858.574,135.021,207.972,0.08119,0.6456,60.312,-0.7686,42.0719,1.4464,-0.6794,9.8639,777.4307,42.0012,0.08187,1,1,0,2,5,3,1,,0.8600477785237173,0,0,0,1,D
O002_W0085,2,LOT_02_07,1,P_A,R_BASE,ETCH,ETCH_01,CH_D,1884.9,0,1.0725,0.0359,0.0208,0.0267,0.9557,307.273,316.502,3.0163,904.211,129.06,214.296,0.11772,0.5838,59.224,0.0832,40.12,1.5843,5.7384,-2.2948,793.9071,42.9881,0.20248,2,1,1,4,3,0,1,,0.8116092516892768,0,0,0,0,GOOD
O002_W0086,2,LOT_02_01,10,P_A,R_BASE,PHOTO,ETCH_02,CH_A,1756.2,0,1.1344,0.0327,0.0015,0.0051,0.9466,328.779,315.112,2.6027,827.899,127.412,192.912,0.05047,0.5859,55.424,-1.1315,42.5309,1.0288,4.6254,-3.7361,743.8159,34.234,0.14648,7,1,2,3,1,0,0,,1.0648620647977955,0,0,0,0,GOOD
O002_W0087,2,LOT_02_05,20,P_A,R_BASE,ETCH,CVD_01,CH_A,1812.4,1,1.8308,0.1712,0.1623,0.0,0.8905,317.94,315.031,3.4194,902.003,130.534,197.607,0.10937,0.5061,66.735,1.0302,46.1007,1.9663,8.8771,-7.8013,794.6922,40.78,0.19474,1,2,3,2,0,0,7,8.901181995496108,,1,1,0,0,A
O002_W0088,2,LOT_02_06,20,P_C,R_BASE,CVD,CVD_01,CH_A,1715.4,0,1.1289,0.0305,0.0423,0.0095,0.9568,319.344,318.858,3.1683,827.489,118.032,205.996,0.05953,0.4533,67.553,-1.6094,42.9377,1.2349,10.7495,3.6293,795.0465,36.9302,0.27822,6,0,1,3,2,0,0,,0.8002266976115125,0,0,0,0,GOOD
O002_W0089,2,LOT_02_07,16,P_A,R_BASE,CVD,ETCH_02,CH_B,1779.9,0,1.5377,0.0415,0.0273,0.0282,0.8965,327.06,307.868,3.0899,819.451,111.527,200.22,0.06846,0.4467,64.574,0.7181,42.1609,1.334,0.713,-2.7186,792.3492,46.2111,0.10691,4,0,0,2,2,0,0,,1.0832886812917697,0,0,0,1,D
O002_W0090,2,LOT_02_05,25,P_B,R_BASE,CVD,CVD_01,CH_A,1817.7,0,1.1841,0.0101,0.015,0.0058,0.9532,319.869,321.139,2.8623,885.109,139.654,194.98,0.07888,0.3554,60.906,-0.9765,43.6002,0.8692,-2.7952,5.3209,806.0039,38.1039,0.17377,2,2,1,2,0,0,0,,0.8613649431776413,0,0,0,0,GOOD
O002_W0091,2,LOT_02_03,20,P_B,R_BASE,ETCH,ETCH_02,CH_A,1899.3,0,1.0868,0.035,0.0188,0.0111,0.9489,320.646,324.359,3.1728,919.62,132.443,218.962,0.08491,0.5251,60.613,1.551,40.6771,1.1693,-5.8611,-3.8417,768.4973,30.3867,0.2543,4,0,0,2,1,0,1,,1.1244323920558421,0,0,0,0,GOOD
O002_W0092,2,LOT_02_06,23,P_A,R_REWORK,CMP,ETCH_02,CH_A,1890.8,0,1.4981,0.0358,0.0068,0.1332,0.9168,318.204,320.203,2.3613,859.629,128.203,213.148,0.10544,0.493,63.438,0.8511,40.1164,1.2182,8.4973,-1.6246,764.2647,38.106,0.19735,5,6,1,2,1,1,2,,0.9181727400867009,0,0,1,0,C
O002_W0093,2,LOT_02_03,22,P_C,R_BASE,CVD,ETCH_03,CH_A,1888.8,0,1.2633,0.0625,0.0303,0.0344,0.9458,326.153,317.109,3.495,846.15,126.088,193.167,0.05807,0.6897,68.753,-0.8034,42.1794,1.0821,-0.1267,7.856,772.9695,38.4853,0.16981,5,2,0,2,0,0,0,,1.0099151570009477,0,0,0,0,GOOD
O002_W0094,2,LOT_02_08,2,P_C,R_BASE,CVD,ETCH_02,CH_A,1812.1,0,1.1904,0.0345,0.0331,0.0106,0.9389,323.085,315.163,2.982,821.258,113.574,195.594,0.11999,0.4264,62.141,1.2136,42.3684,0.9685,3.1308,4.2056,790.6976,40.0605,0.27525,3,3,2,4,0,0,1,,1.0630275729944518,0,0,0,0,GOOD
O002_W0095,2,LOT_02_05,7,P_C,R_BASE,CMP,ETCH_01,CH_A,1883.4,0,1.1449,0.0305,0.0224,0.016,0.9318,324.906,316.795,3.4134,828.787,124.034,217.874,0.10065,0.4282,60.125,1.7224,43.8506,1.1547,-7.1681,-0.1855,750.0969,35.8306,0.19017,3,1,0,2,0,0,0,,1.0230840613072612,0,0,0,0,GOOD
O002_W0096,2,LOT_02_08,20,P_C,R_FAST,ETCH,CVD_01,CH_A,1992.3,0,1.3149,0.0454,0.0177,0.0402,0.9367,316.981,312.156,2.8868,876.136,116.007,227.731,0.0992,0.6175,57.51,0.5861,41.2287,1.1386,-3.311,2.9536,760.8674,38.9211,0.15879,5,1,1,1,1,2,2,,0.9738144256506964,0,0,0,0,GOOD
O002_W0097,2,LOT_02_05,7,P_C,R_BASE,CMP,PHOTO_01,CH_A,1794.3,0,1.1382,0.0498,0.0276,0.0065,0.9185,312.095,321.48,2.8817,864.194,130.431,213.456,0.0378,0.5736,60.811,0.7097,41.0857,1.0745,-0.917,1.6498,793.3528,37.7366,0.2672,3,0,3,2,2,0,0,,1.0544986800295197,0,0,0,0,GOOD
O002_W0098,2,LOT_02_07,23,P_B,R_BASE,CMP,CMP_01,CH_C,1657.1,0,1.1452,0.0214,0.0204,0.0,0.9506,327.411,320.801,3.1267,812.952,124.046,215.697,0.08762,0.4187,64.598,1.7281,42.8291,1.6975,3.384,3.0349,790.0573,41.2679,0.21373,3,0,0,0,1,0,1,,0.960534187928227,0,0,0,0,GOOD
O002_W0099,2,LOT_02_07,10,P_A,R_FAST,CMP,CVD_01,CH_B,1640.0,0,1.1563,0.0343,0.0165,0.0338,0.9278,324.225,307.799,3.0347,840.539,117.816,211.303,0.07226,0.3147,64.415,-0.0095,41.5362,1.2363,4.3347,-2.3163,789.3688,34.013,0.22217,5,2,0,1,1,0,0,,1.1040607131174485,0,0,0,0,GOOD
O002_W0100,2,LOT_02_01,20,P_B,R_BASE,CVD,ETCH_02,CH_B,1829.1,0,1.1207,0.0168,0.0328,0.0333,0.9641,326.752,326.67,2.9753,840.845,122.652,193.624,0.08777,0.2828,61.874,-1.0276,41.3677,1.3948,-2.7029,6.2303,748.5123,38.0031,0.0724,5,0,2,1,0,1,0,,0.902426611658246,0,0,0,0,GOOD
O002_W0101,2,LOT_02_05,9,P_A,R_BASE,CMP,CMP_01,CH_A,1787.8,1,1.4031,0.1429,0.0349,0.0104,0.9126,337.493,325.405,3.0795,894.686,124.048,208.401,0.08971,0.4956,61.435,1.7832,42.147,1.4514,3.8545,-2.5425,737.5545,37.2008,0.11812,7,1,1,8,4,0,6,9.842207755586193,,1,0,0,0,A
O002_W0102,2,LOT_02_07,24,P_A,R_BASE,CMP,CMP_01,CH_D,1615.2,0,1.5007,0.034,0.1412,0.0193,0.9075,314.995,328.258,2.7635,829.778,116.032,206.485,0.08476,0.4708,67.365,0.4894,41.0272,1.0372,12.6076,-9.0885,784.9671,38.8196,0.14709,8,2,4,5,3,2,2,,1.0753528224989672,0,1,0,0,B
O002_W0103,2,LOT_02_03,8,P_C,R_BASE,CVD,CMP_01,CH_C,1839.7,0,0.9788,0.0069,0.0165,0.0163,0.9661,318.584,320.582,2.6891,871.002,128.152,190.936,0.07749,0.2177,55.659,0.3734,43.7517,0.636,1.0571,-5.2815,761.5081,40.4243,0.22962,7,3,1,3,0,1,0,,1.0473119807666642,0,0,0,0,GOOD
O002_W0104,2,LOT_02_02,10,P_A,R_BASE,CMP,CMP_01,CH_A,1711.3,0,1.5014,0.0365,0.0136,0.0394,0.8808,312.404,306.216,3.2437,881.002,125.588,217.962,0.09989,0.3572,56.085,0.8077,42.8043,1.2095,-2.6941,4.6107,797.8287,44.2261,0.20319,3,2,2,2,3,0,0,,0.7596597580173838,0,0,0,1,D
O002_W0105,2,LOT_02_08,1,P_A,R_REWORK,PHOTO,CVD_01,CH_C,1949.1,0,1.182,0.0418,0.0036,0.0,0.9519,331.462,321.477,3.2125,890.724,130.65,198.748,0.06309,0.4272,63.431,0.4806,42.3998,1.0622,-1.2027,-5.1375,767.8306,40.4615,0.2182,7,1,2,0,1,2,0,,1.2044406770497171,0,0,0,0,GOOD
O002_W0106,2,LOT_02_05,1,P_A,R_BASE,PHOTO,CMP_01,CH_B,1797.5,0,1.1542,0.0675,0.0211,0.0211,0.935,317.584,312.391,3.247,846.497,138.807,195.213,0.06589,0.4659,60.671,-1.2346,41.9772,1.0999,-12.1359,-3.8492,842.0485,33.2491,0.15706,6,1,0,0,3,0,0,,0.9795235075602085,0,0,0,0,GOOD
O002_W0107,2,LOT_02_07,3,P_C,R_BASE,CVD,PHOTO_01,CH_D,1627.0,0,1.5009,0.063,0.14,0.0175,0.8975,326.756,315.621,2.4748,837.763,121.865,212.789,0.02636,0.3171,59.455,0.636,43.7006,0.99,1.5339,-6.4535,778.6144,36.1205,0.17735,5,1,1,3,1,1,0,,1.0022287928410514,0,1,0,0,B
O002_W0108,2,LOT_02_08,15,P_A,R_BASE,CMP,ETCH_01,CH_B,1748.1,0,1.7392,0.0321,0.168,0.1335,0.8891,323.429,317.661,3.0968,868.313,115.776,208.703,0.09252,0.2726,61.476,0.0692,42.7487,1.1305,6.0551,5.3202,785.7642,35.1752,0.25488,7,4,1,3,1,3,1,,0.9163439221466942,0,1,1,0,B
O002_W0109,2,LOT_02_03,3,P_A,R_REWORK,CVD,ETCH_02,CH_B,2032.8,0,1.1485,0.0191,0.016,0.0178,0.9473,320.197,311.557,3.2107,797.579,117.868,219.579,0.03389,0.5469,58.562,-0.9663,41.8163,1.5545,2.6248,5.1532,791.3972,36.7458,0.25051,5,0,0,1,2,0,1,,1.180640102023728,0,0,0,0,GOOD
O002_W0110,2,LOT_02_07,22,P_C,R_BASE,ETCH,ETCH_02,CH_B,1879.2,0,1.3593,0.0454,0.0082,0.0416,0.9227,315.176,320.884,2.8792,864.232,117.722,199.907,0.06146,0.5405,55.981,0.2447,43.4745,1.2267,7.989,-10.0202,786.1339,39.2115,0.19375,2,1,2,4,0,1,1,,0.7589613105664175,0,0,0,0,GOOD
O002_W0111,2,LOT_02_02,3,P_C,R_REWORK,CMP,ETCH_01,CH_D,1774.1,0,1.2508,0.0338,0.0179,0.0158,0.9118,323.349,318.658,2.9043,857.069,133.065,208.753,0.08986,0.5564,65.561,-0.3637,39.9273,1.2827,0.5807,0.9628,786.4396,38.0795,0.14305,6,2,1,2,1,0,0,,0.8982318163957627,0,0,0,0,GOOD
O002_W0112,2,LOT_02_05,18,P_C,R_FAST,CMP,CVD_01,CH_A,1733.0,0,1.2195,0.053,0.0316,0.0226,0.9464,321.46,324.486,2.4862,824.342,115.001,214.069,0.07684,0.3249,71.956,-0.8816,42.1443,0.9745,-0.0962,11.0084,777.9101,40.6886,0.13571,6,1,0,3,2,1,2,,0.9823411765268654,0,0,0,0,GOOD
O002_W0113,2,LOT_02_07,2,P_A,R_REWORK,CMP,ETCH_01,CH_B,1856.0,0,1.3005,0.0381,0.0235,0.0065,0.8924,324.148,323.222,2.9628,852.026,116.225,196.438,0.09991,0.3293,66.506,0.6268,41.2111,1.1976,0.5156,-5.4222,764.9147,44.1037,0.2353,5,1,0,3,6,0,0,,1.056759468040842,0,0,0,1,D
O002_W0114,2,LOT_02_08,14,P_A,R_BASE,ETCH,ETCH_01,CH_B,1971.9,0,1.2462,0.0765,0.0217,0.0161,0.9321,324.326,321.763,3.0748,838.783,128.847,224.508,0.07478,0.372,64.437,-0.304,43.9368,0.7516,-2.2792,1.4662,803.8185,39.4659,0.19872,0,1,1,2,1,1,1,,1.0010879063209117,0,0,0,0,GOOD
O002_W0115,2,LOT_02_03,4,P_C,R_FAST,CMP,CMP_01,CH_A,1820.7,0,1.1546,0.035,0.0096,0.0343,0.9401,326.861,324.147,3.1226,865.213,135.685,233.878,0.06524,0.1823,62.821,-0.4699,43.7139,1.5887,-6.8664,-6.2144,766.6947,38.8604,0.14206,3,1,1,2,3,0,0,,1.0986416634345513,0,0,0,0,GOOD
O002_W0116,2,LOT_02_07,14,P_C,R_BASE,CVD,ETCH_01,CH_C,1630.7,1,1.6868,0.2043,0.0,0.0334,0.8973,325.968,324.867,3.1447,887.947,130.409,210.815,0.09161,0.6267,68.783,1.3834,43.147,1.6765,-0.9455,1.7255,757.9739,40.5761,0.23566,7,1,1,5,2,0,5,11.02464798616371,,1,0,0,0,A
O002_W0117,2,LOT_02_07,3,P_C,R_FAST,CMP,ETCH_01,CH_C,1781.4,0,1.1418,0.0593,0.0206,0.0024,0.9123,316.387,315.967,3.1881,819.565,131.76,202.062,0.07253,0.1666,55.944,-0.1934,44.5041,1.0068,-3.808,-3.5279,783.8042,34.9441,0.21124,3,4,2,2,0,1,1,,0.9426941888609616,0,0,0,0,GOOD
O002_W0118,2,LOT_02_07,15,P_B,R_BASE,CMP,ETCH_02,CH_A,1730.0,0,1.2647,0.0224,0.0145,0.0346,0.9321,319.167,317.836,3.7588,780.984,131.952,200.287,0.10666,0.3432,64.495,-0.1092,44.7293,1.3616,0.8674,3.3452,796.0447,40.9254,0.18914,4,0,0,4,0,0,1,,0.9234736644206806,0,0,0,0,GOOD
O002_W0119,2,LOT_02_07,17,P_B,R_REWORK,CVD,PHOTO_01,CH_B,2179.6,1,1.6155,0.1648,0.0558,0.044,0.8836,322.672,313.621,3.378,904.828,124.886,200.106,0.13329,0.5757,72.605,2.1167,43.641,1.752,-10.2856,6.7505,787.9092,40.9758,0.15149,4,0,2,8,1,1,6,7.515533093001185,,1,0,0,0,A
O002_W0120,2,LOT_02_08,2,P_A,R_BASE,ETCH,ETCH_03,CH_C,2039.4,1,1.5885,0.1734,0.0078,0.0,0.9058,325.011,317.556,3.7529,872.273,126.44,207.908,0.09174,0.5961,62.955,3.4756,45.3395,1.5002,3.8603,-2.6813,789.5408,34.5797,0.22387,2,0,1,6,3,1,5,12.037434352401235,,1,0,0,0,A
O002_W0121,2,LOT_02_01,3,P_A,R_BASE,PHOTO,CVD_01,CH_D,1886.7,1,1.5378,0.176,0.0464,0.0181,0.8986,318.084,320.726,3.5429,891.036,118.984,215.262,0.07597,0.5534,72.572,1.0487,42.4016,1.5941,4.1172,3.3496,797.5723,34.7101,0.20411,1,4,1,7,0,0,5,9.342053124084812,,1,0,0,0,A
O002_W0122,2,LOT_02_01,7,P_A,R_BASE,CMP,ETCH_01,CH_A,1766.9,0,1.178,0.026,0.0299,0.0221,0.9182,327.581,329.757,3.0497,808.064,119.628,212.194,0.09378,0.3173,56.356,1.0374,41.8424,1.2785,-5.8816,-9.5959,766.0366,38.4963,0.19095,3,3,2,4,0,0,0,,1.1587950068547583,0,0,0,0,GOOD
O002_W0123,2,LOT_02_08,3,P_A,R_BASE,CVD,ETCH_01,CH_A,1890.0,0,1.1649,0.0495,0.0227,0.0038,0.9422,318.663,314.44,2.8083,858.413,145.376,200.547,0.08085,0.4021,70.473,-1.5032,43.3992,0.816,-2.4381,-1.8692,768.2486,39.0166,0.27244,2,2,0,2,0,0,0,,1.283030371846221,0,0,0,0,GOOD
O002_W0124,2,LOT_02_03,6,P_A,R_FAST,CMP,CVD_01,CH_A,1871.0,0,1.4476,0.047,0.0233,0.1153,0.8985,321.0,307.764,3.3479,882.935,128.181,205.812,0.06557,0.3815,62.429,0.0016,41.7908,1.1139,2.5197,-1.6666,786.8169,38.385,0.20143,5,5,0,0,3,1,0,,1.2555532852859739,0,0,1,0,C
O002_W0125,2,LOT_02_05,4,P_A,R_BASE,ETCH,ETCH_01,CH_A,1833.1,0,1.287,0.0485,0.0002,0.1455,0.9328,319.632,326.845,3.3216,849.639,130.156,194.91,0.08568,0.5308,56.551,-0.4567,42.3392,1.008,-2.2848,7.0344,791.0961,39.7763,0.20991,5,2,0,2,0,1,0,,0.8380368222913235,0,0,1,0,C
O002_W0126,2,LOT_02_01,7,P_A,R_FAST,ETCH,PHOTO_01,CH_D,2229.9,0,1.3337,0.0217,0.0044,0.1166,0.9296,319.109,312.582,3.1549,844.266,123.765,206.792,0.05104,0.4589,62.166,-0.0635,40.0836,1.1715,1.8069,0.4291,791.7478,35.5117,0.21788,7,4,1,0,1,0,0,,1.175263123310462,0,0,1,0,C
O002_W0127,2,LOT_02_01,4,P_B,R_BASE,ETCH,ETCH_01,CH_A,1950.2,0,1.287,0.0431,0.034,0.0498,0.9205,325.46,311.625,3.4426,852.019,132.574,223.16,0.11455,0.4494,58.385,-0.4877,40.9869,0.9336,-5.9738,7.8988,788.1606,29.7177,0.16698,8,1,1,3,2,1,0,,1.1602675552724695,0,0,0,0,GOOD
O002_W0128,2,LOT_02_04,1,P_A,R_BASE,ETCH,ETCH_01,CH_A,1970.1,0,1.379,0.0455,0.042,0.0224,0.9365,324.433,313.895,2.949,803.484,125.424,207.931,0.08382,0.3251,68.366,-0.702,41.9177,1.5524,0.391,-2.8256,766.4756,37.4072,0.17139,2,1,2,3,0,0,1,,1.0532305213776052,0,0,0,0,GOOD
O002_W0129,2,LOT_02_07,10,P_B,R_BASE,ETCH,PHOTO_01,CH_D,2019.5,1,1.5386,0.1546,0.0534,0.0269,0.8963,320.565,321.068,3.9151,934.602,136.247,193.778,0.1257,0.6757,66.22,-0.0787,45.1326,1.1135,3.0599,4.9663,752.247,40.8295,0.23505,7,1,0,13,3,0,4,9.204978443478055,,1,0,0,0,A
O002_W0130,2,LOT_02_03,22,P_B,R_FAST,CMP,ETCH_02,CH_D,1732.0,0,1.5704,0.0381,0.1396,0.1373,0.8861,326.571,317.959,2.6999,939.605,127.327,206.335,0.10142,0.333,59.36,1.5297,39.7411,1.1591,10.9417,-5.343,798.706,38.1366,0.20826,4,5,4,0,1,1,0,,1.0470317205753028,0,1,1,0,B
O002_W0131,2,LOT_02_04,16,P_A,R_BASE,CMP,ETCH_02,CH_B,1914.2,0,1.1935,0.0,0.0591,0.0173,0.9418,312.9,310.225,3.3036,879.405,134.77,211.028,0.00791,0.2787,64.862,-0.9933,44.2316,1.1622,-3.9195,-2.3376,802.83,43.5557,0.21369,8,0,1,1,1,1,0,,0.876962873786164,0,0,0,0,GOOD
O002_W0132,2,LOT_02_03,21,P_B,R_BASE,ETCH,ETCH_02,CH_B,2078.2,0,1.3973,0.0303,0.1287,0.0471,0.9214,329.426,323.393,3.1956,847.731,123.333,206.709,0.06534,0.6155,64.981,-0.0192,42.4737,1.6169,-0.7913,-0.4732,775.1262,43.7353,0.08917,6,1,3,2,2,0,1,,0.9402543800916724,0,1,0,0,B
O002_W0133,2,LOT_02_04,9,P_C,R_BASE,CVD,ETCH_01,CH_C,1910.9,0,1.2838,0.0295,0.0181,0.1116,0.9375,324.728,318.253,3.1843,811.935,102.612,219.737,0.10586,0.3571,55.204,0.289,41.7323,1.3585,-1.1645,6.628,771.0754,36.1146,0.21794,5,3,0,3,1,0,0,,1.0164907996872536,0,0,1,0,C
O002_W0134,2,LOT_02_02,11,P_A,R_FAST,CVD,ETCH_03,CH_C,1966.3,0,1.4653,0.0414,0.1534,0.0138,0.8985,318.321,326.497,3.2948,825.54,132.787,204.211,0.06238,0.4348,68.424,0.2259,43.3053,1.5473,10.4138,-11.0901,769.3849,42.5524,0.3102,2,1,4,2,1,2,2,,0.9644847918464131,0,1,0,0,B
O002_W0135,2,LOT_02_03,14,P_A,R_BASE,ETCH,CMP_01,CH_A,1905.7,0,1.1052,0.0547,0.0306,0.011,0.9259,325.301,322.557,2.9129,904.841,112.416,213.755,0.08372,0.4018,65.287,0.6355,41.7018,1.5015,2.6815,-7.3676,769.178,35.4498,0.19897,1,0,2,2,1,2,1,,0.8030619809584064,0,0,0,0,GOOD
O002_W0136,2,LOT_02_03,14,P_A,R_FAST,ETCH,ETCH_02,CH_C,1940.5,0,1.6131,0.0341,0.0371,0.1094,0.895,319.812,319.543,3.4888,898.503,118.3,216.237,0.11309,0.2813,65.309,0.5267,42.2177,1.328,2.0593,8.2638,798.2703,46.7853,0.27068,9,7,0,3,5,1,0,,1.0820204946241885,0,0,1,1,C
O002_W0137,2,LOT_02_07,11,P_A,R_BASE,ETCH,ETCH_02,CH_B,2129.0,0,1.569,0.0448,0.1415,0.0265,0.9093,322.088,313.109,2.7404,833.792,125.036,212.699,0.11434,0.459,54.398,0.8083,40.3045,1.1057,4.2454,-2.0666,799.004,38.9223,0.19061,5,1,8,1,4,2,1,,0.7704725273948831,0,1,0,0,B
O002_W0138,2,LOT_02_01,8,P_B,R_BASE,ETCH,ETCH_03,CH_A,2171.3,0,1.0768,0.0183,0.0121,0.0248,0.9578,323.868,310.699,3.0531,924.059,127.498,212.211,0.11598,0.3685,59.831,0.0678,42.5631,0.9697,-10.5953,6.0005,782.2481,38.6065,0.1154,5,1,0,2,1,0,0,,0.7604944191972554,0,0,0,0,GOOD
O002_W0139,2,LOT_02_01,23,P_B,R_BASE,ETCH,ETCH_01,CH_A,1940.9,0,1.4407,0.019,0.15,0.0303,0.9138,328.292,311.898,3.1538,846.939,120.56,210.023,0.04319,0.4042,67.478,0.5774,42.3677,1.4303,3.0828,-7.7676,795.7515,41.8359,0.27758,3,0,4,1,1,2,1,,1.0359339712194504,0,1,0,0,B
O002_W0140,2,LOT_02_03,10,P_A,R_FAST,ETCH,CMP_01,CH_C,1821.7,0,1.17,0.0362,0.0294,0.0189,0.9424,322.21,314.957,2.9573,853.014,139.195,195.893,0.05821,0.562,52.196,-1.2922,45.6401,0.9445,-2.2262,-2.5943,812.6385,34.8323,0.32319,2,0,2,3,1,1,0,,1.0800650545108657,0,0,0,0,GOOD
O002_W0141,2,LOT_02_01,15,P_C,R_BASE,ETCH,PHOTO_01,CH_A,1902.0,0,1.1603,0.0492,0.0319,0.0451,0.945,323.397,325.102,2.9283,849.509,130.482,210.313,0.10951,0.4394,64.128,0.9673,43.0132,1.1649,-4.0832,-1.6116,783.8711,36.1733,0.17904,1,0,1,4,2,1,1,,0.8672244380122919,0,0,0,0,GOOD
O002_W0142,2,LOT_02_08,1,P_B,R_FAST,CVD,PHOTO_01,CH_D,1677.1,0,1.2243,0.0255,0.0254,0.0305,0.9451,326.324,310.21,2.4866,852.61,128.14,208.631,0.0625,0.1525,57.599,0.7044,41.8992,1.3049,-4.591,-7.2686,805.2847,34.1881,0.19539,5,2,0,1,0,0,0,,1.238056140776158,0,0,0,0,GOOD
O002_W0143,2,LOT_02_01,20,P_A,R_BASE,ETCH,CVD_01,CH_A,2019.0,0,1.1793,0.0341,0.0,0.0239,0.9431,319.177,319.432,3.4578,873.478,125.523,207.304,0.1035,0.327,59.132,-0.3698,41.6558,1.2374,-3.7799,1.2045,793.1362,42.7088,0.17611,6,0,1,1,1,2,1,,0.7870473410854512,0,0,0,0,GOOD
O002_W0144,2,LOT_02_08,16,P_C,R_BASE,CMP,CMP_01,CH_A,1659.7,0,1.1415,0.0249,0.0351,0.024,0.9574,318.222,324.414,2.47,804.211,123.917,203.124,0.12236,0.2976,62.845,0.8508,40.8131,1.1778,-10.7819,-1.8256,758.711,40.4411,0.21789,4,1,2,1,0,0,1,,1.0338391320310052,0,0,0,0,GOOD
O002_W0145,2,LOT_02_08,17,P_B,R_BASE,ETCH,ETCH_02,CH_C,2040.9,0,1.3999,0.0352,0.045,0.1238,0.9212,311.991,320.354,2.5784,921.596,121.451,212.692,0.04938,0.4641,58.375,0.6843,42.1264,1.6639,-4.3646,-2.3728,792.6245,35.6501,0.13488,6,2,2,2,1,1,1,,1.1934403494144246,0,0,1,0,C
O002_W0146,2,LOT_02_04,24,P_B,R_BASE,CMP,ETCH_03,CH_C,2028.3,0,1.3779,0.0357,0.0462,0.0405,0.9268,324.928,321.737,3.1908,827.334,128.497,210.283,0.08925,0.5245,61.874,0.0982,42.6087,1.0586,4.1799,-1.9098,789.2239,34.8914,0.16614,3,1,2,3,1,0,1,,0.840786750594876,0,0,0,0,GOOD
O002_W0147,2,LOT_02_02,13,P_B,R_BASE,ETCH,ETCH_02,CH_A,2022.9,0,1.1516,0.0153,0.0283,0.0351,0.9433,323.031,306.984,3.2755,895.271,145.848,208.251,0.10915,0.4534,57.421,0.2145,42.0654,1.3254,-2.9679,4.3992,786.2045,36.4288,0.19465,4,0,2,0,1,0,2,,1.0105936759054377,0,0,0,0,GOOD
O002_W0148,2,LOT_02_06,8,P_A,R_FAST,CMP,ETCH_01,CH_D,1721.8,0,1.1944,0.0585,0.0282,0.0149,0.9367,316.869,316.855,3.0783,842.062,131.827,212.36,0.10001,0.3706,54.046,1.0861,42.4039,0.9453,-4.1466,-1.9069,783.0435,38.1659,0.181,4,0,1,2,2,0,1,,0.9991254733287903,0,0,0,0,GOOD
O002_W0149,2,LOT_02_08,10,P_B,R_FAST,CVD,CMP_01,CH_B,1850.8,0,1.3572,0.0137,0.0297,0.1284,0.9272,322.395,321.226,3.2321,854.836,116.828,209.672,0.09223,0.6528,59.287,0.0509,43.2256,1.4911,-11.5226,-5.5882,800.0429,40.4648,0.26944,9,4,2,2,1,3,1,,0.8857350533261745,0,0,1,0,C
O002_W0150,2,LOT_02_01,20,P_B,R_FAST,ETCH,CVD_01,CH_B,1948.2,0,0.9281,0.018,0.0109,0.0,0.9574,315.571,318.963,2.6793,775.641,137.543,202.881,0.08879,0.4702,61.986,1.1884,43.3905,1.4266,8.521,4.0015,763.5579,32.5026,0.27168,4,0,1,1,2,0,0,,0.8884095294357978,0,0,0,0,GOOD
O002_W0151,2,LOT_02_07,18,P_C,R_BASE,CVD,CMP_01,CH_B,1655.9,0,1.2807,0.0453,0.0207,0.0139,0.9264,323.25,326.009,3.0011,826.882,123.835,188.171,0.07762,0.4066,62.631,-0.2953,41.1063,1.1362,-5.9732,0.9001,784.9777,34.5559,0.19163,3,0,0,2,2,0,0,,0.7861071372014523,0,0,0,0,GOOD
O002_W0152,2,LOT_02_07,10,P_B,R_FAST,CMP,ETCH_02,CH_B,1930.9,1,1.828,0.1915,0.0205,0.1308,0.8642,317.718,316.997,3.1079,863.928,117.668,210.057,0.08741,0.6961,63.567,2.3731,42.2857,1.8199,-2.2656,-0.8557,742.9799,40.6389,0.20114,4,8,0,7,0,2,6,8.746940194501757,,1,0,1,0,A
O002_W0153,2,LOT_02_04,15,P_A,R_BASE,CVD,CVD_01,CH_C,1873.2,1,1.5172,0.1406,0.0471,0.0223,0.9134,317.427,312.543,3.3833,840.791,120.222,214.56,0.11481,0.6712,66.053,2.7569,43.9605,1.8706,1.4534,5.3101,764.218,39.1819,0.2029,1,0,1,6,0,0,3,9.709494172038589,,1,0,0,0,A
O002_W0154,2,LOT_02_01,11,P_B,R_BASE,CVD,PHOTO_01,CH_B,1953.7,0,1.1426,0.0478,0.0246,0.0221,0.9352,331.457,324.669,2.8473,851.469,126.265,218.169,0.08761,0.4208,58.902,0.3646,43.2708,1.4003,-0.3865,-22.9341,771.834,38.2424,0.11678,2,2,0,1,0,0,0,,1.2726745345802586,0,0,0,0,GOOD
O002_W0155,2,LOT_02_01,5,P_A,R_REWORK,CVD,ETCH_02,CH_B,1993.9,0,1.337,0.0648,0.0277,0.0243,0.9504,326.981,321.136,3.1731,840.033,123.659,211.383,0.05744,0.4085,62.217,0.7477,41.3969,1.2421,3.7395,3.848,789.4414,39.9257,0.17847,6,1,1,4,0,2,1,,1.1693035232147775,0,0,0,0,GOOD
O002_W0156,2,LOT_02_03,25,P_B,R_BASE,ETCH,ETCH_03,CH_C,2039.4,1,1.6118,0.1903,0.0154,0.0368,0.8856,317.682,325.19,3.6228,903.958,127.782,210.861,0.09139,0.6715,73.335,3.7308,44.0816,1.9018,1.0962,3.7277,775.2642,36.0783,0.10404,3,1,2,7,0,1,2,8.697600698777062,,1,0,0,0,A
O002_W0157,2,LOT_02_04,4,P_C,R_BASE,CMP,CMP_01,CH_D,1877.4,0,1.1936,0.0284,0.055,0.0123,0.9628,321.3,314.508,2.5831,895.493,115.589,203.0,0.04299,0.4119,65.561,-0.9823,42.4722,1.0702,-5.5596,7.0051,778.8848,38.3316,0.12305,2,0,0,2,1,0,1,,1.1023511431095705,0,0,0,0,GOOD
O002_W0158,2,LOT_02_02,12,P_B,R_BASE,PHOTO,CMP_01,CH_D,1797.5,0,1.466,0.0328,0.1291,0.0124,0.9351,328.45,317.566,3.1485,844.754,122.245,193.359,0.08508,0.3058,53.554,0.6652,39.322,1.1189,17.6469,-1.3979,793.3423,35.0992,0.21457,2,1,3,2,0,3,2,,1.0976385575860388,0,1,0,0,B
O002_W0159,2,LOT_02_06,8,P_B,R_FAST,CVD,CVD_01,CH_D,1939.7,0,1.2388,0.038,0.0141,0.0146,0.9542,327.222,321.392,2.6618,843.778,125.552,213.659,0.04461,0.5846,59.853,1.2909,39.5441,1.1537,-0.1266,-5.8418,767.8634,37.1291,0.19556,2,1,0,3,1,1,2,,1.0048318121949151,0,0,0,0,GOOD
O002_W0160,2,LOT_02_07,6,P_C,R_BASE,CVD,CVD_01,CH_B,1732.0,0,1.4758,0.0154,0.0101,0.0244,0.9229,318.952,323.604,3.3453,862.625,136.767,202.809,0.0578,0.4679,64.186,0.5077,41.4743,1.3668,-3.0542,-11.199,800.65,40.7074,0.06031,2,0,3,3,4,0,0,,1.1435799910707072,0,0,0,1,D
O002_W0161,2,LOT_02_05,25,P_A,R_BASE,CVD,CMP_01,CH_D,1788.6,0,1.3549,0.0147,0.0303,0.1246,0.9191,322.886,321.724,2.6397,876.317,129.879,206.544,0.1048,0.3345,61.787,-0.4486,45.8459,1.4337,5.7442,1.6494,762.7174,32.2322,0.28198,5,6,1,3,0,1,0,,1.0442417995331132,0,0,1,0,C
O002_W0162,2,LOT_02_03,22,P_B,R_BASE,CVD,CVD_01,CH_A,1844.2,0,1.1549,0.0182,0.0251,0.007,0.9594,328.301,317.059,3.0817,864.221,113.48,192.203,0.09652,0.2862,65.724,0.2962,41.1639,1.3353,-1.9281,5.7276,785.7798,37.9047,0.20115,2,2,1,2,3,0,1,,1.1983366408513518,0,0,0,0,GOOD
O002_W0163,2,LOT_02_08,15,P_B,R_REWORK,ETCH,CMP_01,CH_C,2022.2,0,1.7553,0.0346,0.1539,0.0181,0.8507,318.23,316.419,2.9845,874.503,145.524,225.149,0.01919,0.4207,65.772,-0.5141,37.7471,1.4511,11.257,-10.4979,783.3971,42.2818,0.18818,8,2,4,0,8,2,1,,1.0074860119046172,0,1,0,1,B
O002_W0164,2,LOT_02_08,24,P_B,R_BASE,CVD,ETCH_01,CH_A,1813.3,1,1.7128,0.1564,0.0299,0.0253,0.8508,326.598,320.299,3.2328,870.514,130.964,220.385,0.06157,0.485,60.356,0.5862,42.352,1.3951,-6.5972,8.8501,793.2902,42.2972,0.18224,2,0,1,8,6,0,4,9.56303549933162,,1,0,0,1,A
O002_W0165,2,LOT_02_01,16,P_A,R_BASE,ETCH,ETCH_01,CH_A,1996.1,0,1.0844,0.0187,0.0414,0.0179,0.9383,318.104,311.44,3.1582,854.735,113.609,207.614,0.04125,0.3386,64.762,0.4124,37.7974,1.0483,-1.4051,0.0036,769.2388,37.9089,0.15244,2,2,1,2,0,0,0,,1.2550813131495788,0,0,0,0,GOOD
O002_W0166,2,LOT_02_02,6,P_C,R_BASE,PHOTO,PHOTO_01,CH_B,1919.0,0,1.1546,0.0254,0.0538,0.0228,0.9184,323.443,318.977,3.3847,843.494,121.001,204.049,0.10741,0.3835,64.395,0.0031,42.9425,1.4894,-4.6071,-2.2526,784.859,37.6951,0.18295,5,2,0,6,2,0,2,,1.035855398484997,0,0,0,0,GOOD
O002_W0167,2,LOT_02_05,10,P_A,R_BASE,ETCH,PHOTO_01,CH_B,2005.0,0,1.43,0.0418,0.13,0.0274,0.9186,322.347,315.867,3.0627,836.493,118.688,205.914,0.12752,0.5476,75.184,-0.8189,40.8786,1.0561,8.721,-3.4217,752.7889,34.046,0.20932,4,1,7,2,1,1,0,,0.8360950353171092,0,1,0,0,B
O002_W0168,2,LOT_02_07,10,P_A,R_BASE,PHOTO,ETCH_01,CH_B,2021.1,0,1.0746,0.0274,0.0331,0.0469,0.9376,320.547,315.34,2.8369,813.093,140.312,207.597,0.08481,0.3627,61.712,-0.0913,42.4142,1.2362,4.6146,-0.3211,762.2476,36.5112,0.14636,2,0,2,2,1,2,1,,1.0490777373614624,0,0,0,0,GOOD
O002_W0169,2,LOT_02_01,7,P_B,R_FAST,CVD,ETCH_01,CH_A,1915.9,0,1.0021,0.0074,0.0124,0.0,0.9549,324.437,315.135,2.9181,831.886,133.124,220.494,0.01715,0.4893,54.21,-0.0256,44.4115,0.9494,-3.6329,-2.4263,783.3565,37.869,0.15362,5,2,0,3,3,0,2,,1.061961462832299,0,0,0,0,GOOD
O002_W0170,2,LOT_02_02,19,P_C,R_FAST,CVD,ETCH_03,CH_A,2015.0,1,2.0431,0.1761,0.0428,0.0213,0.8433,323.427,318.591,3.7998,927.036,124.404,203.598,0.1023,0.4645,62.932,1.4735,45.8437,1.5545,0.263,-3.0996,824.4433,47.5886,0.19653,3,3,0,8,0,1,5,9.960109440418623,,1,0,0,1,A
O002_W0171,2,LOT_02_01,11,P_A,R_BASE,ETCH,CMP_01,CH_C,2025.4,1,1.5037,0.1786,0.0252,0.0197,0.9033,322.326,312.433,3.476,903.599,136.068,212.518,0.11183,0.4984,64.315,0.0836,42.049,1.6043,2.531,4.5008,778.1006,39.3088,0.17123,3,1,0,9,0,0,8,10.714032842416424,,1,0,0,0,A
O002_W0172,2,LOT_02_05,21,P_A,R_BASE,PHOTO,PHOTO_01,CH_D,1702.4,0,1.1613,0.019,0.0409,0.0323,0.9356,319.376,319.42,2.7689,902.708,129.169,192.613,0.09066,0.3268,67.282,-1.3007,42.0218,1.4582,-1.6389,6.4768,785.3527,34.8406,0.1681,3,0,2,2,3,2,0,,1.0046541645092562,0,0,0,0,GOOD
O002_W0173,2,LOT_02_03,2,P_A,R_BASE,ETCH,ETCH_03,CH_B,2145.1,0,1.3666,0.0555,0.0173,0.1254,0.933,319.145,318.21,3.2489,888.794,116.901,205.878,0.10726,0.4523,59.603,0.3994,41.0557,1.5377,4.3549,-4.4125,768.3975,38.509,0.2955,8,4,0,2,0,0,0,,0.951982396488782,0,0,1,0,C
O002_W0174,2,LOT_02_08,20,P_A,R_BASE,PHOTO,ETCH_02,CH_A,1893.2,0,1.3162,0.0049,0.072,0.0884,0.9473,330.078,315.383,2.5948,803.931,132.299,229.624,0.09305,0.3852,52.006,1.7178,44.4067,1.4202,-11.0836,-12.5017,775.6162,35.5657,0.32821,7,7,0,1,0,0,1,,0.9791420610693319,0,0,1,0,C
O002_W0175,2,LOT_02_07,8,P_B,R_BASE,CVD,ETCH_01,CH_C,1740.2,0,1.3977,0.0,0.0144,0.019,0.9245,319.759,311.454,3.0861,832.328,143.175,207.768,0.11122,0.5497,68.664,0.9891,44.8706,1.2521,-2.8936,3.9311,797.5964,44.4281,0.16736,8,0,0,1,5,0,2,,1.1301352043317907,0,0,0,1,D
O002_W0176,2,LOT_02_07,13,P_A,R_BASE,CVD,CMP_01,CH_D,1649.8,0,1.1697,0.0365,0.0315,0.0416,0.9526,312.371,312.006,3.0832,874.113,134.143,217.009,0.07555,0.4344,58.106,-0.5426,39.3406,1.1974,3.5115,2.7385,769.4547,39.8973,0.22261,9,2,2,1,0,1,0,,0.9389883169543738,0,0,0,0,GOOD
O002_W0177,2,LOT_02_06,5,P_A,R_FAST,ETCH,CMP_01,CH_C,2018.8,1,1.7303,0.1654,0.0017,0.1397,0.8884,320.856,318.275,3.2638,939.19,123.848,199.971,0.10272,0.5122,64.042,3.2109,45.4626,1.667,-0.3032,2.0933,783.909,36.8028,0.16038,6,5,2,4,3,0,4,8.199595943977533,,1,0,1,0,A
O002_W0178,2,LOT_02_02,4,P_B,R_BASE,CVD,ETCH_02,CH_A,1919.8,0,1.5871,0.049,0.1397,0.0198,0.9077,328.474,325.435,3.3443,861.771,117.991,224.377,0.07269,0.4253,65.783,-0.5896,42.9029,0.9055,1.3991,-3.9006,755.4145,36.1331,0.1651,0,0,4,1,1,2,0,,1.1993541746319747,0,1,0,0,B
O002_W0179,2,LOT_02_02,14,P_B,R_BASE,ETCH,ETCH_02,CH_B,1981.0,0,1.8295,0.0696,0.0174,0.1285,0.8745,309.519,321.518,3.5734,855.153,132.688,206.44,0.06899,0.308,61.549,-0.4909,44.2989,1.3474,7.1105,-6.9597,794.4206,39.9887,0.21525,5,4,2,1,7,1,1,,0.8832519093585659,0,0,1,1,C
O002_W0180,2,LOT_02_04,13,P_B,R_FAST,CMP,ETCH_03,CH_A,1932.3,1,2.109,0.2104,0.0337,0.0327,0.8372,328.638,322.213,4.0145,845.35,108.313,186.51,0.11167,0.6705,69.07,1.1546,44.9356,1.4148,-5.4672,2.9629,800.9188,42.072,0.2096,4,1,3,7,4,1,5,10.548441294181092,,1,0,0,1,A
O002_W0181,2,LOT_02_07,16,P_B,R_BASE,CVD,ETCH_01,CH_B,1917.3,0,1.3946,0.0358,0.1417,0.015,0.9304,318.976,324.243,2.7015,859.725,137.09,204.164,0.03794,0.4343,67.246,0.6159,41.9175,1.3236,4.6412,-15.3942,747.755,40.404,0.1378,4,1,7,2,1,1,1,,1.3310064024146406,0,1,0,0,B
O002_W0182,2,LOT_02_07,25,P_A,R_BASE,CMP,ETCH_01,CH_A,1915.5,1,1.5223,0.1616,0.033,0.0372,0.8982,331.125,318.436,3.724,934.002,122.88,207.644,0.07863,0.6116,66.113,1.983,43.6607,1.9119,-5.4026,-0.8457,795.4642,34.8179,0.25736,6,1,0,7,2,1,4,9.610491722205088,,1,0,0,0,A
O002_W0183,2,LOT_02_07,20,P_B,R_BASE,CVD,ETCH_03,CH_A,1813.0,0,1.1983,0.0186,0.027,0.0284,0.9395,318.345,322.429,3.6291,886.977,124.621,212.825,0.05894,0.6019,53.289,0.259,43.0757,1.2325,-2.3284,0.5037,806.9121,40.6953,0.19379,2,3,0,2,2,0,4,,1.2415263078113667,0,0,0,0,GOOD
O002_W0184,2,LOT_02_01,19,P_B,R_BASE,ETCH,CVD_01,CH_B,1910.8,0,1.1272,0.0327,0.0319,0.0166,0.9373,308.683,308.798,3.2281,872.925,139.01,206.884,0.08422,0.4406,58.226,-0.1462,40.3543,1.2319,-5.1672,0.8061,795.1954,43.6473,0.22585,7,1,0,2,1,0,0,,0.8010604245641556,0,0,0,0,GOOD
O002_W0185,2,LOT_02_04,10,P_A,R_REWORK,ETCH,ETCH_03,CH_A,2142.0,0,1.4174,0.04,0.0246,0.0511,0.9577,318.373,318.864,2.8109,901.694,139.998,193.882,0.08406,0.4365,67.745,-0.2371,38.8065,1.4762,-7.5898,-4.1093,801.9223,36.412,0.15236,3,0,1,4,2,0,1,,0.829748031637755,0,0,0,0,GOOD
O002_W0186,2,LOT_02_04,8,P_B,R_REWORK,PHOTO,ETCH_01,CH_C,2067.8,0,1.4417,0.0493,0.156,0.0489,0.8995,318.041,316.435,3.0677,853.356,118.937,207.424,0.06536,0.413,59.09,1.3207,40.9411,0.9295,5.185,2.0592,801.7045,37.3982,0.17938,4,0,3,5,1,3,0,,0.7364722063192097,0,1,0,0,B
O002_W0187,2,LOT_02_06,22,P_B,R_BASE,ETCH,ETCH_01,CH_A,1839.6,0,1.4289,0.0596,0.0354,0.1273,0.9226,317.37,308.181,2.5654,897.985,126.932,214.739,0.05347,0.3794,51.943,0.2503,40.3691,1.448,7.4359,6.6463,770.0705,40.818,0.27627,10,5,1,5,1,0,0,,1.0591734666551016,0,0,1,0,C
O002_W0188,2,LOT_02_07,12,P_B,R_BASE,CMP,CVD_01,CH_A,1669.8,0,1.0922,0.0433,0.015,0.0029,0.9537,318.83,320.292,3.0131,837.275,122.04,229.451,0.06448,0.3983,65.017,0.9144,43.6009,0.8064,4.6882,3.695,769.2575,37.1027,0.18565,3,0,1,4,0,0,1,,0.896538445003772,0,0,0,0,GOOD
O002_W0189,2,LOT_02_01,6,P_C,R_BASE,PHOTO,ETCH_02,CH_A,1932.9,0,1.0898,0.0147,0.0202,0.0023,0.9285,325.692,317.72,2.9642,864.185,129.324,216.059,0.03355,0.5976,64.192,-0.7921,39.757,1.2634,1.6232,-7.8314,763.8826,38.3769,0.22845,1,1,1,2,3,0,0,,0.9235593646349787,0,0,0,0,GOOD
O002_W0190,2,LOT_02_02,17,P_A,R_BASE,CMP,ETCH_01,CH_A,1706.5,0,1.5361,0.0008,0.0328,0.1066,0.8995,324.088,314.366,2.7393,837.388,139.215,207.841,0.10206,0.3097,65.315,0.0754,44.5572,0.633,-5.0259,-10.5981,818.2703,40.419,0.19252,5,5,1,3,4,0,2,,0.9566966448494795,0,0,1,1,C
O002_W0191,2,LOT_02_03,24,P_A,R_BASE,CVD,ETCH_02,CH_D,1872.7,0,1.2267,0.0546,0.0382,0.0,0.9438,326.662,321.835,2.5127,865.264,124.148,201.92,0.08238,0.3982,55.148,-0.6583,40.8676,0.9306,6.2372,1.1806,813.128,35.0214,0.21678,5,0,1,2,0,0,1,,1.0238918209890895,0,0,0,0,GOOD
O002_W0192,2,LOT_02_07,8,P_B,R_REWORK,PHOTO,CVD_01,CH_D,2021.4,0,1.5895,0.0511,0.1496,0.0066,0.9031,325.43,314.105,2.6759,864.401,123.398,209.324,0.06099,0.4479,61.481,-0.3302,43.4033,0.8023,2.4755,-14.9751,790.7533,38.55,0.18323,1,0,5,2,2,6,0,,1.3792959639754008,0,1,0,0,B
O002_W0193,2,LOT_02_03,11,P_C,R_BASE,ETCH,CVD_01,CH_C,2029.2,1,1.5611,0.1656,0.0451,0.0301,0.8918,318.023,322.33,3.8047,851.694,125.807,213.941,0.08929,0.3306,66.134,2.6014,42.4779,1.9728,-2.7758,-3.4827,776.7374,36.2598,0.16211,3,1,1,8,1,0,3,10.12429453252424,,1,0,0,0,A
O002_W0194,2,LOT_02_04,22,P_C,R_BASE,ETCH,CMP_01,CH_A,2007.1,0,1.6184,0.0183,0.0744,0.0037,0.8935,322.877,313.898,3.3237,893.926,121.997,199.271,0.03204,0.5689,59.297,-0.8159,39.687,0.5726,-1.9269,1.0205,801.346,43.2936,0.11547,3,0,0,1,2,1,1,,1.0398769583634464,0,0,0,1,D
O002_W0195,2,LOT_02_03,24,P_A,R_BASE,CVD,ETCH_02,CH_B,1742.9,0,1.0357,0.0126,0.0102,0.0324,0.9656,320.815,317.03,3.2504,866.772,120.414,210.417,0.05581,0.3403,59.296,-0.3699,45.7846,1.1512,5.8082,3.3142,768.8848,37.0777,0.20856,4,1,3,2,1,0,1,,0.8749907542603844,0,0,0,0,GOOD
O002_W0196,2,LOT_02_03,21,P_B,R_FAST,CVD,ETCH_03,CH_B,1889.1,0,1.3116,0.0523,0.0302,0.023,0.9701,315.985,317.518,3.2247,829.27,142.082,196.155,0.06818,0.1751,63.92,1.5311,43.37,1.5263,-0.9958,-8.5754,754.2691,41.4021,0.24412,2,0,2,2,5,0,1,,0.9441047188409425,0,0,0,0,GOOD
O002_W0197,2,LOT_02_01,12,P_B,R_FAST,CVD,CMP_01,CH_C,1673.3,0,1.3302,0.0,0.1104,0.0318,0.927,323.145,320.335,3.0388,831.271,124.659,227.985,0.0571,0.3471,60.525,0.7778,39.8929,1.4768,12.4139,-4.1727,787.1169,42.532,0.19457,5,1,2,2,2,2,1,,1.1832996034202137,0,1,0,0,B
O002_W0198,2,LOT_02_03,2,P_C,R_FAST,PHOTO,ETCH_01,CH_C,1821.5,0,1.2128,0.0381,0.0151,0.0154,0.9449,313.125,315.118,3.5468,883.925,130.2,204.87,0.04849,0.2294,60.696,-1.3507,41.9844,1.3171,-1.4463,-1.8345,784.6799,41.165,0.19528,4,3,0,3,2,0,0,,0.9580483829212249,0,0,0,0,GOOD
O002_W0199,2,LOT_02_05,1,P_A,R_BASE,CMP,CMP_01,CH_D,1908.8,0,1.0926,0.0215,0.0068,0.0063,0.9406,328.011,315.107,3.027,880.456,131.399,219.274,0.05011,0.5378,60.364,-1.41,42.6576,1.3586,-4.6892,-1.7986,793.5384,38.0859,0.136,5,2,0,3,2,0,1,,0.9921015350758021,0,0,0,0,GOOD
O002_W0200,2,LOT_02_08,1,P_A,R_BASE,ETCH,ETCH_02,CH_C,1912.3,0,1.3035,0.042,0.0661,0.0118,0.9218,325.979,320.591,2.9559,886.784,135.621,207.498,0.0588,0.4457,64.611,0.1961,43.6838,1.3639,2.1727,-2.1726,762.5365,37.3295,0.1302,1,1,1,4,2,0,0,,1.055053863242753,0,0,0,0,GOOD
O002_W0201,2,LOT_02_02,23,P_A,R_BASE,CVD,ETCH_01,CH_B,1682.4,0,1.3698,0.0206,0.1218,0.0263,0.9092,319.395,322.592,2.9585,834.055,140.987,215.237,0.10746,0.4151,58.821,1.5074,39.9418,1.0047,-3.5117,-11.4923,758.5133,39.1439,0.18677,1,0,7,2,1,3,1,,1.0114705250309461,0,1,0,0,B
O002_W0202,2,LOT_02_01,2,P_B,R_BASE,CVD,CVD_01,CH_A,1701.2,0,1.369,0.0206,0.1315,0.0206,0.9324,321.636,314.709,2.5247,811.762,131.051,207.739,0.06229,0.5407,61.262,1.3443,45.9953,0.994,14.9699,7.7891,771.9556,36.2615,0.18271,3,1,7,0,1,3,1,,0.9076050923785628,0,1,0,0,B
O002_W0203,2,LOT_02_04,17,P_C,R_BASE,CMP,ETCH_03,CH_B,2016.2,0,1.1843,0.0365,0.0542,0.0045,0.9314,317.41,319.518,2.992,903.008,121.05,210.2,0.09471,0.4957,64.415,0.9156,46.0258,1.4852,-10.7223,3.0623,805.0063,37.052,0.24982,3,1,1,4,2,0,0,,1.1480684421164096,0,0,0,0,GOOD
O002_W0204,2,LOT_02_03,17,P_A,R_BASE,ETCH,ETCH_02,CH_D,1926.7,1,2.0161,0.1653,0.1023,0.0261,0.8402,319.703,316.995,3.5074,907.939,125.715,236.822,0.10537,0.6156,73.197,1.586,44.3009,1.8242,2.6043,-9.814,787.7636,42.3078,0.2123,3,1,5,5,2,1,5,8.420740200294842,,1,1,0,1,A
O002_W0205,2,LOT_02_03,23,P_B,R_FAST,CMP,ETCH_03,CH_C,1940.8,0,1.0155,0.0243,0.0401,0.0237,0.9238,316.032,315.838,2.9831,843.913,138.408,209.702,0.07215,0.441,62.88,0.0506,42.2961,1.4818,-2.7694,-10.6261,740.3917,37.404,0.10135,9,0,0,2,0,0,1,,0.8794248291620802,0,0,0,0,GOOD
O002_W0206,2,LOT_02_02,9,P_C,R_BASE,CMP,ETCH_03,CH_B,1885.9,0,1.3482,0.0385,0.1385,0.025,0.9195,323.295,320.187,3.5131,860.285,120.715,208.05,0.06083,0.3287,64.957,0.3895,46.8958,1.1114,11.4351,-6.8835,763.6939,40.2521,0.2037,4,1,4,1,1,1,1,,1.1003663873503697,0,1,0,0,B
O002_W0207,2,LOT_02_01,11,P_C,R_BASE,ETCH,ETCH_03,CH_C,2059.2,1,1.974,0.1916,0.0029,0.0433,0.847,318.985,318.905,3.6314,873.407,110.847,214.631,0.11748,0.5815,60.973,1.5341,42.7345,1.5288,2.6332,3.5221,771.1472,38.2222,0.12222,3,4,2,8,3,1,3,8.416680187803887,,1,0,0,1,A
O002_W0208,2,LOT_02_05,5,P_C,R_BASE,CVD,CMP_01,CH_D,1785.7,0,1.46,0.0448,0.0182,0.049,0.9318,327.366,320.861,2.8933,787.388,126.478,202.177,0.08555,0.468,67.57,-0.087,41.5916,1.3809,9.0899,4.7226,787.755,36.6724,0.12408,3,0,0,4,0,1,1,,1.187921850169149,0,0,0,0,GOOD
O002_W0209,2,LOT_02_01,12,P_A,R_BASE,CVD,ETCH_02,CH_C,1806.4,1,1.5959,0.1617,0.0,0.1034,0.8888,323.601,317.856,3.3883,893.995,126.368,227.376,0.13104,0.625,66.131,2.345,43.8142,1.705,-2.6937,3.9841,784.7674,39.6358,0.13445,8,3,1,8,1,1,5,9.852967655748301,,1,0,1,0,A
O002_W0210,2,LOT_02_07,6,P_A,R_FAST,ETCH,ETCH_01,CH_C,1827.9,0,1.6192,0.0288,0.0331,0.0451,0.8953,323.565,317.579,2.7727,878.303,126.147,207.099,0.07331,0.4047,59.444,1.1223,38.7384,1.0864,6.6601,-8.194,796.4205,39.9119,0.24385,3,0,0,4,5,1,1,,0.9941355515283481,0,0,0,1,D
O002_W0211,2,LOT_02_01,21,P_C,R_REWORK,PHOTO,PHOTO_01,CH_A,1952.1,0,1.1979,0.0539,0.0173,0.0261,0.9297,318.544,319.693,2.6539,787.558,119.89,214.531,0.09888,0.369,65.666,0.7483,42.88,1.4926,0.7775,0.7443,796.775,44.3864,0.2015,4,1,1,3,2,1,0,,1.168484852267401,0,0,0,0,GOOD
O002_W0212,2,LOT_02_01,7,P_B,R_REWORK,ETCH,PHOTO_01,CH_B,2088.7,1,1.9922,0.1849,0.1475,0.1128,0.854,321.474,320.289,3.155,907.375,129.815,207.051,0.05972,0.7495,65.28,-0.9663,46.9472,2.1674,6.0638,-7.9142,779.9985,37.8893,0.11269,3,3,1,6,1,1,1,7.7101297294263595,,1,1,1,0,A
O002_W0213,2,LOT_02_03,22,P_A,R_BASE,CMP,ETCH_01,CH_B,1934.5,0,1.3368,0.0199,0.0542,0.1298,0.9262,327.232,315.905,3.1759,848.525,119.029,193.904,0.1018,0.3932,63.819,-0.3551,42.9755,1.2437,1.6784,0.9154,747.2965,41.4969,0.25037,4,4,1,1,1,2,1,,1.316935411797913,0,0,1,0,C
O002_W0214,2,LOT_02_07,18,P_C,R_BASE,ETCH,CVD_01,CH_A,2098.6,0,1.1899,0.0235,0.0612,0.0107,0.9132,321.472,318.022,2.8554,920.128,118.87,208.999,0.08817,0.4525,63.383,0.8669,42.238,1.4734,-3.2385,0.0216,795.7807,38.9032,0.19464,1,2,0,3,2,0,0,,0.8146721071742097,0,0,0,0,GOOD
O002_W0215,2,LOT_02_07,21,P_C,R_BASE,ETCH,ETCH_02,CH_D,2033.2,0,1.3244,0.0528,0.0286,0.0304,0.9386,324.304,323.673,2.8521,844.875,127.41,207.36,0.07096,0.3853,60.893,-0.5989,41.9576,0.9999,-2.907,-1.5657,751.4123,38.4625,0.1565,4,3,1,1,2,0,0,,0.9483745628465685,0,0,0,0,GOOD
O002_W0216,2,LOT_02_01,2,P_C,R_FAST,ETCH,ETCH_02,CH_A,1986.4,0,1.6156,0.0284,0.0,0.0933,0.867,324.083,314.931,2.7439,844.625,126.589,231.365,0.10167,0.4231,62.513,0.0061,43.0028,1.3377,10.2681,2.2577,799.5636,39.0483,0.24794,4,6,1,3,6,0,1,,0.9827679914065982,0,0,1,1,C
O002_W0217,2,LOT_02_04,3,P_B,R_BASE,PHOTO,ETCH_03,CH_A,2039.5,1,1.8758,0.1581,0.0442,0.0179,0.8501,321.125,309.062,3.3912,919.356,120.445,230.098,0.13386,0.7097,66.558,-0.152,45.8237,2.0036,-17.224,8.4374,785.0715,46.1633,0.19757,3,0,0,8,0,0,5,10.463061560649301,,1,0,0,1,A
O002_W0218,2,LOT_02_01,18,P_B,R_BASE,PHOTO,CMP_01,CH_A,1778.9,0,1.5215,0.0398,0.1612,0.0262,0.9057,319.507,309.192,3.0397,843.354,126.938,227.234,0.10051,0.626,67.838,-0.3568,42.9088,0.9924,1.7699,-7.3105,756.1759,40.5818,0.1531,2,2,6,3,1,1,0,,0.6062456097102898,0,1,0,0,B
O002_W0219,2,LOT_02_06,18,P_B,R_BASE,CVD,ETCH_03,CH_D,2019.2,0,1.4923,0.0571,0.0035,0.0175,0.8856,310.226,307.746,2.683,850.088,133.586,204.344,0.04388,0.4995,61.755,0.8143,43.6882,1.5435,1.4965,-4.9184,803.0513,46.7916,0.23695,6,1,1,4,6,0,2,,1.3176994902353458,0,0,0,1,D
O002_W0220,2,LOT_02_03,12,P_C,R_BASE,CVD,CVD_01,CH_A,1687.9,0,1.2798,0.043,0.0345,0.0286,0.9327,329.914,318.976,2.919,883.087,114.507,187.561,0.11529,0.3212,52.978,-0.6348,41.9197,1.4123,-4.0718,3.9651,784.4564,39.0382,0.25312,2,1,2,2,1,0,2,,1.0889716271612018,0,0,0,0,GOOD
O002_W0221,2,LOT_02_06,10,P_B,R_FAST,CMP,PHOTO_01,CH_B,1815.2,0,1.2261,0.0356,0.0405,0.0474,0.9518,322.959,309.719,3.1702,793.898,126.227,210.871,0.10282,0.2983,60.935,-0.4616,40.8295,1.1242,-4.7777,-0.4645,787.3333,35.0343,0.15604,5,0,0,1,1,0,0,,1.1995524432402744,0,0,0,0,GOOD
O002_W0222,2,LOT_02_07,11,P_B,R_BASE,CMP,CVD_01,CH_C,1882.9,0,1.4623,0.0303,0.0537,0.0442,0.8626,325.93,322.937,2.7958,899.794,121.664,212.922,0.04356,0.3217,53.319,-0.3497,42.2015,0.4421,-2.2506,3.275,832.5006,39.06,0.1832,5,0,1,2,2,1,2,,1.0078197379646199,0,0,0,1,D
O002_W0223,2,LOT_02_02,16,P_C,R_BASE,CVD,CMP_01,CH_C,1750.6,0,1.206,0.0647,0.0345,0.0179,0.917,328.749,311.174,3.3629,913.873,119.271,203.533,0.09055,0.2885,69.107,0.6118,41.3833,1.0973,1.4612,9.0518,742.3275,41.4213,0.13123,3,0,0,3,0,1,1,,1.134314614665725,0,0,0,0,GOOD
O002_W0224,2,LOT_02_08,9,P_A,R_BASE,PHOTO,CMP_01,CH_A,1696.1,0,1.1534,0.0362,0.0264,0.0309,0.9341,314.647,310.151,3.0804,808.185,118.936,196.788,0.09764,0.527,61.91,0.7633,41.8403,1.0058,-10.1691,2.8761,784.5723,41.2535,0.1853,5,0,1,2,0,2,1,,0.9218131341011422,0,0,0,0,GOOD
O002_W0225,2,LOT_02_05,2,P_A,R_BASE,CMP,ETCH_02,CH_D,1825.4,0,1.0271,0.0123,0.0451,0.0223,0.9288,323.855,316.812,2.7657,840.521,118.246,220.23,0.06725,0.5269,58.237,1.0216,42.5448,1.1059,-5.7601,4.861,763.9409,40.5311,0.24881,3,2,0,1,1,0,0,,0.9677945723091431,0,0,0,0,GOOD
O002_W0226,2,LOT_02_01,23,P_A,R_BASE,PHOTO,ETCH_01,CH_A,1812.4,0,1.1558,0.0362,0.0261,0.005,0.9734,322.816,323.378,2.7623,828.898,115.26,201.372,0.10445,0.3683,63.454,-1.0881,41.1708,1.4767,-0.9499,-1.1819,773.5901,35.8594,0.21494,6,1,0,1,1,0,1,,0.9642028810145539,0,0,0,0,GOOD
O002_W0227,2,LOT_02_01,24,P_C,R_FAST,CMP,ETCH_02,CH_A,1805.0,0,1.0825,0.0299,0.0073,0.0355,0.9442,324.776,321.318,3.0639,842.141,133.445,199.76,0.05251,0.4762,60.772,0.7912,41.7847,1.5777,-1.1514,-6.2661,784.7669,40.1984,0.08184,2,1,1,7,1,0,1,,1.0574215952234365,0,0,0,0,GOOD
O002_W0228,2,LOT_02_07,23,P_A,R_BASE,ETCH,ETCH_02,CH_A,2062.0,0,1.2104,0.06,0.0265,0.0237,0.9151,324.692,319.309,2.868,877.749,138.972,196.152,0.06419,0.3499,68.652,-0.1513,42.4705,0.9002,-3.7416,-3.6017,765.0915,40.1439,0.21682,5,0,4,2,0,1,0,,0.7774759992566278,0,0,0,0,GOOD
O002_W0229,2,LOT_02_04,14,P_A,R_FAST,ETCH,PHOTO_01,CH_B,1949.5,0,1.0375,0.0273,0.0209,0.0289,0.9547,327.519,319.014,2.7609,858.496,141.739,209.041,0.07998,0.4559,59.752,0.2412,40.53,0.8924,-2.9424,-5.1239,777.4099,36.3772,0.19032,3,1,1,0,2,3,0,,0.8656954240124104,0,0,0,0,GOOD
O002_W0230,2,LOT_02_03,1,P_B,R_FAST,ETCH,ETCH_03,CH_A,2085.1,0,1.6734,0.0511,0.1307,0.1195,0.9124,319.936,320.212,3.282,880.928,121.04,206.102,0.07535,0.4856,63.407,-0.4086,40.9079,1.31,7.5265,-4.6008,777.0826,34.2131,0.30726,7,2,5,2,1,1,0,,1.0490141389052758,0,1,1,0,B
O002_W0231,2,LOT_02_06,8,P_B,R_BASE,PHOTO,ETCH_01,CH_C,1692.6,0,1.6743,0.0731,0.1116,0.0335,0.9185,314.135,322.957,3.0422,855.365,128.851,197.795,0.12275,0.3226,60.927,1.1991,39.4941,1.1251,3.3256,-2.6209,778.924,36.5265,0.24424,4,1,5,2,1,2,0,,0.7953822920748886,0,1,0,0,B
O002_W0232,2,LOT_02_05,2,P_B,R_BASE,ETCH,PHOTO_01,CH_B,2058.3,0,1.0761,0.0422,0.0456,0.0133,0.9343,324.516,327.81,2.9302,895.2,137.591,207.381,0.0863,0.4376,62.588,-0.9478,42.3645,1.0668,8.1245,-4.8042,781.1942,36.5245,0.17171,3,0,0,3,3,0,2,,1.1676640561587748,0,0,0,0,GOOD
O002_W0233,2,LOT_02_07,25,P_A,R_BASE,ETCH,CMP_01,CH_C,1918.4,0,1.3691,0.0494,0.0021,0.0221,0.9422,334.232,311.319,3.2492,881.005,124.535,195.602,0.08904,0.5038,55.057,0.545,38.933,1.2875,10.5248,8.2642,806.4538,34.1482,0.20388,9,0,1,0,0,2,1,,0.9559275399364101,0,0,0,0,GOOD
O002_W0234,2,LOT_02_06,5,P_C,R_FAST,ETCH,ETCH_01,CH_C,2140.3,0,1.2282,0.0492,0.0367,0.0343,0.9094,312.961,315.809,2.5358,877.403,140.967,190.119,0.04575,0.5267,63.688,1.2288,42.3361,1.2444,-0.6174,3.5429,810.9879,38.3656,0.08398,4,0,3,1,1,1,0,,1.0085191820636257,0,0,0,0,GOOD
O002_W0235,2,LOT_02_02,7,P_A,R_BASE,PHOTO,ETCH_02,CH_D,1821.7,0,1.4551,0.0317,0.0419,0.133,0.9145,318.737,318.479,3.1032,837.821,119.698,214.069,0.07678,0.4165,62.947,-0.1843,43.0221,1.2088,-2.9439,0.4059,774.9976,37.7983,0.18922,6,5,2,2,0,0,0,,0.8288008239124592,0,0,1,0,C
O002_W0236,2,LOT_02_06,9,P_A,R_BASE,CMP,PHOTO_01,CH_A,1635.1,0,1.1169,0.0121,0.0127,0.0148,0.9682,323.225,305.746,2.918,859.016,138.44,204.991,0.04831,0.266,61.357,1.765,42.7963,1.4728,5.5719,-3.6552,784.9689,32.9891,0.17002,5,1,0,2,0,0,1,,1.0169364242546182,0,0,0,0,GOOD
O002_W0237,2,LOT_02_08,11,P_C,R_FAST,CVD,ETCH_01,CH_A,1772.4,0,1.5009,0.0375,0.1444,0.022,0.8931,313.827,321.999,2.7235,823.3,135.188,198.075,0.10561,0.3594,58.838,-0.9431,40.6722,1.3941,6.0312,3.3351,786.0125,43.2295,0.27029,5,0,4,0,1,1,0,,0.8778608857208338,0,1,0,0,B
O002_W0238,2,LOT_02_03,13,P_A,R_BASE,ETCH,ETCH_03,CH_D,2014.5,1,1.6427,0.205,0.0424,0.0198,0.895,331.497,320.023,3.6439,936.694,127.729,196.64,0.11972,0.4751,65.972,1.6554,44.3628,1.6696,5.8693,1.0286,751.664,37.7391,0.23341,4,1,0,9,0,1,3,5.940260566415344,,1,0,0,0,A
O002_W0239,2,LOT_02_02,5,P_C,R_BASE,ETCH,CVD_01,CH_B,2008.5,0,1.1276,0.0232,0.0012,0.0,0.9469,321.196,314.549,2.9218,908.62,132.363,210.9,0.06946,0.4224,66.171,0.159,40.2241,0.9662,9.7157,5.2495,752.6582,33.4608,0.13911,9,0,1,2,2,0,0,,1.1912875744131184,0,0,0,0,GOOD
O002_W0240,2,LOT_02_06,9,P_B,R_BASE,CVD,ETCH_01,CH_D,1929.7,0,1.1773,0.0486,0.0415,0.0034,0.9221,327.82,314.288,3.0009,827.36,122.116,206.508,0.11421,0.4623,61.228,-0.4143,41.0046,1.4016,-9.016,0.6334,757.7255,36.9787,0.15336,1,2,0,3,2,0,0,,0.9823996372653164,0,0,0,0,GOOD
O002_W0241,2,LOT_02_04,3,P_B,R_BASE,CMP,ETCH_02,CH_D,1874.3,0,1.4117,0.0286,0.1522,0.0318,0.9125,318.889,310.942,2.9447,889.572,133.82,194.507,0.05628,0.3356,59.163,-2.2358,39.8574,0.9559,4.9487,-1.0986,810.2426,37.9509,0.22603,3,1,3,2,0,3,1,,1.0861375672128555,0,1,0,0,B
O002_W0242,2,LOT_02_01,15,P_B,R_REWORK,PHOTO,CVD_01,CH_A,1920.0,0,1.2446,0.034,0.03,0.0347,0.9415,319.754,324.334,3.0881,878.943,129.145,208.295,0.08777,0.3925,60.232,0.6159,38.8969,1.2981,1.9245,0.4782,784.1736,41.6552,0.24062,12,0,2,4,1,1,2,,1.1525114403387005,0,0,0,0,GOOD
O002_W0243,2,LOT_02_03,17,P_A,R_REWORK,CVD,ETCH_01,CH_D,1993.8,0,1.359,0.034,0.1448,0.0142,0.8965,322.347,317.786,3.1618,872.761,135.084,199.73,0.06727,0.5075,69.448,0.7885,40.4793,1.1849,6.6217,-2.0597,781.3092,38.0716,0.25296,9,0,5,2,1,1,1,,0.9499795100316668,0,1,0,0,B
O002_W0244,2,LOT_02_04,20,P_C,R_FAST,CVD,CVD_01,CH_C,1865.9,0,1.1253,0.0474,0.0195,0.019,0.9421,318.362,313.434,2.9881,853.261,117.081,203.927,0.0537,0.499,58.055,-0.0134,44.077,1.468,-1.9598,-4.027,766.5219,40.421,0.22534,4,1,2,3,0,0,0,,0.9989243862568009,0,0,0,0,GOOD
O002_W0245,2,LOT_02_08,6,P_C,R_BASE,CVD,ETCH_03,CH_C,2050.7,0,1.017,0.0,0.0055,0.0299,0.9527,327.253,313.965,3.2276,789.071,121.3,211.38,0.07038,0.4126,59.141,0.5564,43.4393,1.3574,-10.8292,3.5442,788.8246,42.0124,0.15024,5,0,2,0,2,1,0,,0.851960141243234,0,0,0,0,GOOD
O002_W0246,2,LOT_02_02,21,P_C,R_BASE,ETCH,ETCH_02,CH_B,1677.0,0,1.3657,0.0233,0.1484,0.029,0.9265,321.496,321.188,2.8719,894.988,112.806,196.179,0.0753,0.3903,63.258,0.1257,44.0669,1.3679,4.0632,0.3679,763.0845,41.7722,0.1775,8,2,10,4,0,1,1,,1.2222138771608295,0,1,0,0,B
O002_W0247,2,LOT_02_07,23,P_A,R_FAST,CVD,PHOTO_01,CH_B,1882.1,0,1.4298,0.0377,0.0135,0.1381,0.9347,327.249,319.837,2.9843,867.104,136.078,205.576,0.07914,0.584,68.865,0.2225,40.118,0.7315,4.4644,1.5229,796.9258,39.979,0.22587,5,7,2,4,2,0,0,,1.0573541215178797,0,0,1,0,C
O002_W0248,2,LOT_02_07,7,P_C,R_BASE,CMP,CMP_01,CH_A,1776.1,0,1.2311,0.0599,0.021,0.0471,0.9212,324.572,314.264,3.0046,838.577,122.238,213.485,0.04889,0.3827,64.489,0.0856,43.1916,1.0983,-1.7012,8.1984,797.9225,39.5295,0.21757,7,1,2,2,2,1,1,,0.8527740655761296,0,0,0,0,GOOD
O002_W0249,2,LOT_02_04,5,P_B,R_BASE,ETCH,ETCH_03,CH_D,2087.0,0,1.0617,0.0286,0.0236,0.0444,0.9468,320.41,311.948,3.3841,880.583,120.783,223.472,0.05991,0.1717,47.219,-1.0653,42.0303,1.325,7.3805,5.3265,803.4577,37.151,0.23352,6,1,1,2,0,0,3,,0.9940738564775077,0,0,0,0,GOOD
O002_W0250,2,LOT_02_06,4,P_A,R_BASE,CVD,CVD_01,CH_C,1784.6,0,1.6695,0.0496,0.1432,0.1014,0.898,328.781,312.31,2.5844,867.477,127.699,203.361,0.05421,0.2625,61.531,0.5402,40.8752,1.1147,3.1375,-4.9052,792.7221,38.1809,0.24481,7,4,2,3,1,4,1,,0.8029987683270304,0,1,1,0,B
O002_W0251,2,LOT_02_05,15,P_A,R_BASE,CMP,ETCH_03,CH_A,1941.1,0,1.2216,0.0333,0.0242,0.0547,0.9347,317.545,318.824,3.0452,840.79,132.714,218.545,0.05892,0.4036,63.088,2.6437,40.7841,1.0738,-0.5228,-4.8215,792.0688,42.429,0.2412,3,1,0,2,1,1,0,,1.0505069940859595,0,0,0,0,GOOD
O002_W0252,2,LOT_02_07,19,P_B,R_REWORK,CMP,ETCH_03,CH_C,1901.4,0,1.2349,0.0447,0.021,0.01,0.9607,327.939,326.471,3.2277,845.752,127.629,200.491,0.08677,0.4594,56.755,-0.1396,40.989,0.9833,1.2496,-6.3473,782.402,38.6259,0.17345,2,1,1,5,1,0,1,,0.8714258022062096,0,0,0,0,GOOD
O002_W0253,2,LOT_02_04,3,P_B,R_FAST,CVD,PHOTO_01,CH_A,1880.7,1,1.5407,0.1582,0.0254,0.0303,0.9098,321.417,316.669,3.5507,884.793,133.813,216.22,0.08053,0.5785,65.591,1.1601,43.3574,2.1129,-3.7523,-3.8357,778.8333,37.7773,0.15176,4,0,0,6,4,0,3,8.045009565250476,,1,0,0,0,A
O002_W0254,2,LOT_02_03,13,P_B,R_BASE,PHOTO,CVD_01,CH_C,1831.5,0,1.396,0.0,0.1437,0.0359,0.8967,332.412,314.672,2.9087,872.959,123.995,233.102,0.04855,0.3647,56.267,0.1508,41.587,1.132,11.7508,-1.994,796.6634,38.7578,0.14269,1,0,4,3,0,4,1,,1.0764651680483373,0,1,0,0,B
O002_W0255,2,LOT_02_01,14,P_A,R_BASE,CMP,ETCH_03,CH_D,1852.8,0,1.2036,0.0658,0.0083,0.0232,0.9382,331.048,320.044,3.2777,851.707,118.684,206.47,0.05331,0.4733,67.362,0.0385,42.2233,0.9666,-3.8775,-5.879,787.6226,37.0662,0.18196,3,0,2,0,0,0,0,,0.9202955805433383,0,0,0,0,GOOD
O002_W0256,2,LOT_02_08,15,P_B,R_BASE,ETCH,ETCH_02,CH_C,1978.6,0,1.564,0.0128,0.0205,0.0125,0.9123,324.782,323.471,2.7576,900.142,130.719,214.56,0.05992,0.311,61.048,0.3736,40.7962,1.3199,-11.7499,-12.5697,778.9529,46.8899,0.09901,0,2,0,2,3,0,2,,0.966337765030481,0,0,0,1,D
O002_W0257,2,LOT_02_03,6,P_B,R_BASE,ETCH,ETCH_03,CH_A,2104.1,1,1.9079,0.2073,0.1697,0.0207,0.8467,314.368,316.017,3.6224,966.862,126.724,218.552,0.12858,0.3701,59.863,0.5258,44.7759,1.8943,3.8193,-8.4413,758.632,34.2565,0.19841,3,1,6,7,2,2,2,8.409932028878544,,1,1,0,0,A
O002_W0258,2,LOT_02_05,23,P_C,R_REWORK,PHOTO,ETCH_01,CH_A,2019.9,0,1.1282,0.0466,0.0501,0.0072,0.9325,321.218,319.573,2.7729,881.979,129.588,213.647,0.10417,0.5429,61.414,0.5584,38.9378,1.1025,-3.9284,-1.3483,798.5749,36.7327,0.08344,5,0,4,0,0,0,0,,1.2570360705039383,0,0,0,0,GOOD
O002_W0259,2,LOT_02_04,1,P_B,R_BASE,CMP,ETCH_01,CH_D,1864.5,0,1.2775,0.0408,0.0481,0.0269,0.9302,315.18,319.041,3.1697,860.72,105.352,214.99,0.06641,0.5361,68.558,0.3004,40.7225,0.874,7.6451,-5.3754,804.1815,39.58,0.25438,5,1,2,1,2,1,1,,1.134816699910944,0,0,0,0,GOOD
O002_W0260,2,LOT_02_08,23,P_B,R_REWORK,CVD,ETCH_01,CH_D,1833.3,0,1.1507,0.03,0.0003,0.0135,0.9613,327.956,313.835,2.3996,812.188,118.996,214.904,0.11956,0.5887,55.443,-1.3337,41.9626,0.8491,2.1202,-0.1864,800.5393,41.2066,0.20504,5,2,0,1,0,0,1,,1.0752351691984658,0,0,0,0,GOOD
O002_W0261,2,LOT_02_01,11,P_A,R_FAST,ETCH,ETCH_03,CH_B,2230.4,1,1.5502,0.1881,0.0029,0.0227,0.8906,312.636,326.099,3.656,889.632,145.67,205.387,0.10638,0.6274,63.468,1.8223,45.325,1.8985,7.9281,5.5575,773.9303,41.0021,0.18133,5,0,3,6,2,1,8,10.916830093445174,,1,0,0,0,A
O002_W0262,2,LOT_02_01,10,P_B,R_BASE,CVD,CMP_01,CH_A,1631.0,0,1.4427,0.0,0.0151,0.0237,0.8929,324.502,315.297,2.3393,838.967,129.066,207.507,0.08122,0.4333,66.495,1.87,45.4648,1.2277,-6.8677,-1.7551,841.7729,43.7135,0.18207,6,0,4,3,0,0,0,,0.9071502645834589,0,0,0,1,D
O002_W0263,2,LOT_02_01,4,P_C,R_FAST,CMP,PHOTO_01,CH_A,1748.0,0,1.0706,0.0195,0.0082,0.0448,0.9496,324.468,319.867,2.8875,871.501,128.201,216.353,0.07172,0.3702,57.793,-0.1584,43.7048,0.8381,1.9478,5.1964,790.6595,40.2297,0.16464,1,2,1,3,1,1,0,,1.084024025097185,0,0,0,0,GOOD
O002_W0264,2,LOT_02_01,11,P_A,R_BASE,ETCH,ETCH_03,CH_C,2014.9,0,1.2384,0.0275,0.0249,0.0,0.9377,313.837,318.029,3.1551,821.258,137.173,198.019,0.05424,0.5191,64.923,0.4964,40.485,1.0197,0.1549,7.3423,767.9,37.0283,0.18651,1,0,0,1,1,0,2,,0.7845453789713837,0,0,0,0,GOOD
O002_W0265,2,LOT_02_02,11,P_B,R_FAST,ETCH,CVD_01,CH_D,1893.0,0,1.4209,0.0454,0.1362,0.0084,0.9365,325.785,318.773,3.1655,871.872,127.13,210.696,0.05479,0.3829,67.21,0.0913,42.6483,1.0044,10.4718,-3.3748,790.3335,38.4902,0.2271,6,2,6,1,3,1,0,,0.7357111857640648,0,1,0,0,B
O002_W0266,2,LOT_02_04,21,P_A,R_BASE,CVD,ETCH_01,CH_D,1843.3,0,1.1358,0.0106,0.0165,0.0149,0.9597,316.619,316.474,3.2004,815.698,119.211,219.351,0.08725,0.4772,63.056,0.6583,42.1792,0.7816,4.9267,-2.485,785.2373,38.4589,0.18202,1,1,1,1,0,1,0,,1.1865794960283966,0,0,0,0,GOOD
O002_W0267,2,LOT_02_01,20,P_B,R_BASE,CMP,CMP_01,CH_D,1790.5,0,1.3545,0.0606,0.0127,0.0277,0.9424,329.4,316.908,3.1304,821.717,136.019,220.691,0.08258,0.5599,69.713,-0.402,44.5923,1.1253,-1.5807,1.3278,776.9029,32.6445,0.16512,3,1,2,0,2,1,0,,1.1598777880243099,0,0,0,0,GOOD
O002_W0268,2,LOT_02_01,21,P_B,R_BASE,ETCH,CMP_01,CH_D,2034.3,0,1.2824,0.0055,0.0282,0.0304,0.9282,334.703,317.226,3.0666,850.884,125.218,206.829,0.05981,0.2403,63.093,-0.7177,37.4588,0.9817,5.8224,8.4135,799.1263,40.3252,0.10961,4,0,3,0,1,1,1,,0.9110216267310183,0,0,0,0,GOOD
O002_W0269,2,LOT_02_02,25,P_B,R_BASE,CMP,ETCH_01,CH_D,1936.2,0,1.2176,0.0403,0.0228,0.0381,0.923,317.882,311.095,2.9723,903.638,120.295,223.768,0.02629,0.5652,57.633,0.7514,41.4536,1.5053,3.2244,0.2883,781.7618,39.7795,0.20737,6,1,3,2,0,0,1,,0.6843382551652368,0,0,0,0,GOOD
O002_W0270,2,LOT_02_07,2,P_C,R_BASE,PHOTO,ETCH_02,CH_A,1794.2,0,1.2516,0.0613,0.0125,0.0232,0.9298,313.479,315.878,3.0653,825.226,132.173,210.281,0.07812,0.494,65.659,-0.0041,39.509,1.5396,-0.3817,-0.9673,799.3867,36.734,0.143,2,0,2,1,3,0,0,,0.9367811669305673,0,0,0,0,GOOD
O002_W0271,2,LOT_02_04,20,P_A,R_BASE,ETCH,CVD_01,CH_A,1908.1,1,1.6068,0.1707,0.0257,0.015,0.8876,322.24,320.028,3.3854,917.562,125.999,203.232,0.05355,0.6007,65.574,1.9071,44.8222,1.4822,3.977,2.8068,790.1699,37.8888,0.18715,1,1,0,4,1,1,0,10.496567220425554,,1,0,0,0,A
O002_W0272,2,LOT_02_07,2,P_A,R_BASE,ETCH,ETCH_02,CH_B,2083.7,0,1.116,0.026,0.028,0.0373,0.9665,333.307,320.588,2.9962,871.791,117.091,207.599,0.1181,0.4936,60.011,0.6122,43.2581,1.7878,0.0967,-5.6431,792.1709,39.0842,0.08766,7,1,3,2,1,0,0,,1.106162001745786,0,0,0,0,GOOD
O002_W0273,2,LOT_02_04,6,P_A,R_FAST,CMP,ETCH_01,CH_C,1776.3,0,1.1006,0.0102,0.0057,0.0223,0.9481,312.628,316.747,2.7714,855.574,114.783,205.041,0.05502,0.4131,69.752,1.9637,44.1537,1.131,0.2885,-5.3812,770.0869,35.1588,0.13881,2,1,1,4,3,0,1,,0.9166747591166934,0,0,0,0,GOOD
O002_W0274,2,LOT_02_02,24,P_C,R_BASE,CVD,ETCH_01,CH_C,1772.6,0,1.158,0.0284,0.0175,0.0233,0.9354,322.752,321.431,3.1587,803.849,125.06,222.941,0.071,0.4441,67.949,2.3553,40.9631,1.1882,6.1606,-1.9606,770.3241,38.9469,0.16447,5,0,0,2,1,0,1,,1.0260088130539682,0,0,0,0,GOOD
O002_W0275,2,LOT_02_06,1,P_A,R_FAST,CVD,CVD_01,CH_B,1778.6,0,1.3939,0.0457,0.0204,0.0522,0.9346,326.212,322.972,2.9411,892.799,123.477,200.307,0.11813,0.4685,58.902,0.2353,39.9851,1.4362,3.4209,-6.294,795.0695,36.1731,0.23228,3,0,1,3,1,1,2,,0.8616291458831149,0,0,0,0,GOOD
O002_W0276,2,LOT_02_07,13,P_A,R_BASE,CVD,PHOTO_01,CH_D,1861.8,0,1.0592,0.033,0.0,0.0222,0.9429,324.584,330.505,2.8702,884.82,121.018,235.125,0.06553,0.4308,62.867,0.8335,41.3082,1.2487,2.5735,-5.2869,774.0494,36.3718,0.26075,3,0,0,3,1,0,2,,1.1510173028462856,0,0,0,0,GOOD
O002_W0277,2,LOT_02_08,3,P_A,R_BASE,ETCH,ETCH_02,CH_A,1897.2,0,1.0638,0.0304,0.0265,0.0056,0.9401,325.268,317.776,2.8616,844.004,131.053,204.946,0.06109,0.3252,60.918,0.8643,43.7663,1.4307,-8.8189,-14.1564,751.1289,39.5105,0.18885,5,1,0,3,0,0,2,,0.962599832407906,0,0,0,0,GOOD
O002_W0278,2,LOT_02_01,10,P_B,R_BASE,PHOTO,ETCH_01,CH_A,1872.3,0,1.2383,0.0556,0.0008,0.0278,0.9559,321.072,319.751,2.8977,853.084,127.578,192.988,0.06916,0.3506,62.112,-1.4439,44.238,1.0607,0.3048,-3.3444,747.7962,34.655,0.18526,1,2,3,1,1,1,2,,0.8193652245486478,0,0,0,0,GOOD
O002_W0279,2,LOT_02_05,11,P_B,R_BASE,CVD,ETCH_02,CH_A,1796.9,0,1.1672,0.0434,0.0168,0.0214,0.9487,327.354,327.367,2.7578,850.883,132.002,212.136,0.10674,0.4998,68.643,-1.8453,44.1037,1.0399,-3.8858,7.1812,782.2044,44.5638,0.14072,3,2,2,2,1,0,0,,0.6929109401793918,0,0,0,0,GOOD
O002_W0280,2,LOT_02_02,11,P_B,R_BASE,ETCH,ETCH_01,CH_B,2070.7,0,1.2084,0.027,0.0189,0.0266,0.9575,327.475,321.693,2.8764,845.663,110.891,199.401,0.05035,0.4016,64.186,0.1165,40.2453,1.5111,2.6789,4.6313,751.7936,40.1845,0.21594,4,1,3,0,0,0,1,,0.9728570058113887,0,0,0,0,GOOD
O002_W0281,2,LOT_02_05,15,P_B,R_BASE,ETCH,ETCH_01,CH_B,1931.6,0,1.1126,0.0127,0.0191,0.0354,0.9524,326.205,324.074,3.1633,825.607,137.984,214.67,0.08929,0.3999,58.375,0.931,42.7148,1.7694,0.2287,3.5637,762.9268,36.8218,0.18894,6,0,0,3,0,1,0,,1.041251552653954,0,0,0,0,GOOD
O002_W0282,2,LOT_02_04,1,P_A,R_REWORK,CMP,ETCH_02,CH_D,2070.7,0,1.7271,0.0358,0.0259,0.1401,0.8535,324.236,317.135,3.0054,866.654,116.924,204.07,0.06279,0.3996,67.538,1.3235,41.9586,1.167,2.819,-9.2651,797.7342,43.1573,0.27511,5,9,1,4,6,0,0,,0.7803773737455255,0,0,1,1,C
O002_W0283,2,LOT_02_02,3,P_A,R_REWORK,CVD,CVD_01,CH_B,1995.5,0,1.0715,0.0139,0.0314,0.01,0.9487,324.612,321.533,3.3549,801.168,118.924,208.629,0.08707,0.3215,66.15,1.5972,41.2034,0.7591,-5.8193,-7.1968,782.0881,35.1851,0.14646,5,0,1,1,0,0,0,,1.072480306044927,0,0,0,0,GOOD
O002_W0284,2,LOT_02_04,9,P_B,R_BASE,ETCH,ETCH_02,CH_D,1868.7,0,1.098,0.0208,0.0091,0.0327,0.9602,324.663,322.124,3.0311,860.67,123.746,191.874,0.04049,0.5541,54.721,0.428,42.2676,1.5165,-3.6959,-1.6622,785.0155,37.5812,0.2076,5,2,1,1,2,0,0,,0.7010718689140234,0,0,0,0,GOOD
O002_W0285,2,LOT_02_04,18,P_B,R_BASE,PHOTO,CVD_01,CH_D,1874.7,0,1.2369,0.0247,0.0468,0.0,0.9304,331.892,319.105,2.9877,804.593,122.618,202.99,0.09205,0.4809,67.366,0.8254,42.7856,1.2637,0.8047,6.7969,792.8436,38.8214,0.20214,3,3,0,2,1,1,1,,1.030197513736584,0,0,0,0,GOOD
O002_W0286,2,LOT_02_01,11,P_B,R_BASE,ETCH,ETCH_01,CH_B,2075.0,0,1.1277,0.0159,0.0322,0.0281,0.9623,320.728,318.063,3.0346,865.394,118.644,203.214,0.13167,0.2559,64.846,0.7425,42.4817,1.0773,0.6129,9.7471,773.1752,41.8011,0.1701,1,1,0,2,1,0,1,,0.9437323752673079,0,0,0,0,GOOD
O002_W0287,2,LOT_02_07,24,P_B,R_BASE,PHOTO,CVD_01,CH_A,1724.9,0,1.0369,0.0187,0.0,0.0,0.9641,315.805,309.677,2.9371,808.719,119.069,220.073,0.08538,0.3082,62.784,-0.0885,43.344,1.0485,-1.4119,-2.9793,776.382,36.7158,0.17373,0,1,4,1,0,2,1,,1.1118855658283375,0,0,0,0,GOOD
O002_W0288,2,LOT_02_03,6,P_C,R_BASE,CMP,CMP_01,CH_D,1721.8,0,1.1684,0.0104,0.0466,0.0,0.9452,314.628,327.805,2.7474,834.202,111.775,219.802,0.03726,0.5451,58.235,-0.5377,39.8877,1.0452,3.4359,-7.3575,782.6074,37.5687,0.15717,3,0,4,4,2,1,0,,0.9516285204963119,0,0,0,0,GOOD
O002_W0289,2,LOT_02_06,8,P_B,R_BASE,ETCH,ETCH_03,CH_A,2066.9,1,1.7383,0.2086,0.0085,0.0454,0.8873,320.524,318.494,3.2714,906.64,114.785,188.033,0.12541,0.5787,66.214,2.4524,44.9619,1.9195,-5.9138,-6.2875,790.2665,40.9946,0.26249,3,0,2,6,3,0,0,10.2319491464506,,1,0,0,0,A
O002_W0290,2,LOT_02_05,14,P_A,R_BASE,ETCH,ETCH_02,CH_A,1974.6,0,1.3418,0.0324,0.0365,0.0144,0.9558,321.236,317.094,3.1302,872.953,130.295,205.862,0.08645,0.4204,67.314,1.2641,41.2967,1.0316,-4.1131,-5.6547,764.6296,36.1299,0.22325,4,0,1,4,1,0,1,,0.8359511348522798,0,0,0,0,GOOD
O002_W0291,2,LOT_02_02,21,P_B,R_BASE,PHOTO,CMP_01,CH_A,1783.3,0,1.3434,0.0243,0.1272,0.0421,0.9539,330.327,313.49,3.1703,896.084,129.921,206.756,0.07831,0.4467,61.453,1.7257,39.5987,1.444,5.6756,-9.3791,780.4676,40.2455,0.13508,5,0,2,3,2,3,1,,1.1167989116670747,0,1,0,0,B
O002_W0292,2,LOT_02_03,4,P_B,R_BASE,PHOTO,PHOTO_01,CH_C,1768.8,0,1.41,0.0517,0.1143,0.0114,0.929,326.515,321.769,2.673,823.132,131.379,217.109,0.11681,0.5641,61.244,1.3885,40.895,1.1907,-1.9936,0.2181,789.036,42.1979,0.15173,4,1,4,4,1,1,1,,1.1701616165758644,0,1,0,0,B
O002_W0293,2,LOT_02_03,1,P_B,R_BASE,ETCH,ETCH_03,CH_C,2109.8,1,1.5026,0.1553,0.0323,0.0322,0.9244,320.175,314.443,3.4554,888.615,137.61,202.724,0.13674,0.7182,70.076,1.4666,45.2606,1.5296,8.0653,1.6001,800.6368,39.1792,0.20111,4,1,0,10,1,1,3,9.813000716237264,,1,0,0,0,A
O002_W0294,2,LOT_02_01,21,P_B,R_BASE,CMP,ETCH_03,CH_B,1895.4,0,1.1927,0.0407,0.0239,0.0463,0.9441,327.766,318.485,3.0781,775.519,122.592,213.968,0.11617,0.4859,65.073,-0.0347,42.0793,1.2404,2.0292,-1.3182,770.567,42.7765,0.15655,2,0,0,1,1,0,1,,0.972163289194136,0,0,0,0,GOOD
O002_W0295,2,LOT_02_07,14,P_C,R_BASE,CMP,ETCH_03,CH_D,1774.7,1,1.9849,0.1868,0.1344,0.0453,0.8791,325.098,317.339,3.0718,839.114,132.154,212.75,0.14725,0.6151,69.678,0.3345,46.6035,2.0308,5.9832,-7.3479,785.1398,38.2513,0.12676,3,0,4,13,1,1,3,8.949514191708694,,1,1,0,0,A
O002_W0296,2,LOT_02_04,7,P_A,R_BASE,PHOTO,ETCH_01,CH_D,1820.1,0,1.5693,0.0284,0.0386,0.0027,0.8901,325.076,319.663,2.6057,868.868,123.128,218.739,0.07095,0.6151,63.865,1.1474,43.8537,1.445,7.0072,1.7094,805.9866,38.7913,0.09524,4,0,2,1,5,0,0,,1.1346351636162244,0,0,0,1,D
O002_W0297,2,LOT_02_08,13,P_A,R_BASE,PHOTO,ETCH_02,CH_A,1767.0,0,1.0273,0.0183,0.0123,0.0134,0.9552,330.124,317.788,2.6344,873.74,128.542,212.279,0.0645,0.2834,59.373,0.6315,42.2955,1.2285,-1.4704,4.2077,770.465,38.4736,0.16366,4,1,1,3,2,0,1,,1.123532879649678,0,0,0,0,GOOD
O002_W0298,2,LOT_02_01,19,P_A,R_BASE,ETCH,ETCH_03,CH_B,2011.1,0,1.2575,0.0373,0.0539,0.0378,0.9391,321.439,313.027,2.9939,898.941,119.916,207.571,0.04044,0.4262,58.51,-1.1601,42.1216,1.5212,-1.6192,7.3783,797.8343,38.3462,0.2011,7,0,1,3,0,1,1,,0.9853223058606294,0,0,0,0,GOOD
O002_W0299,2,LOT_02_06,16,P_A,R_BASE,ETCH,CVD_01,CH_B,1970.6,0,1.1827,0.0443,0.0404,0.0382,0.9514,333.144,319.169,3.1326,820.862,118.447,208.403,0.07392,0.4839,59.465,0.9546,42.1168,1.5595,10.0321,-1.5205,793.252,38.1855,0.06414,2,0,1,2,1,0,0,,0.7908547211436412,0,0,0,0,GOOD
O002_W0300,2,LOT_02_01,10,P_A,R_BASE,ETCH,PHOTO_01,CH_D,2051.4,0,1.5359,0.043,0.1403,0.0103,0.9101,317.422,319.492,3.0515,913.12,131.057,194.169,0.10618,0.3843,59.353,-0.2929,40.8896,0.8445,2.4088,-0.1202,787.3643,36.1313,0.28367,3,1,6,4,2,3,1,,1.2630185803378469,0,1,0,0,B
O002_W0301,2,LOT_02_02,12,P_A,R_FAST,CMP,CVD_01,CH_C,1925.4,1,1.3011,0.0677,0.0081,0.11,0.9227,312.97,305.493,3.1463,825.381,112.193,223.773,0.08205,0.4455,62.607,0.8928,44.2296,1.2395,1.9233,-1.9499,761.6295,38.1565,0.22123,9,4,3,1,0,0,3,8.7021957550338,,0,0,1,0,C
O002_W0302,2,LOT_02_03,19,P_C,R_BASE,PHOTO,ETCH_01,CH_C,1764.7,1,1.7023,0.1895,0.0317,0.0357,0.9009,314.95,316.701,3.2176,886.259,126.679,238.087,0.10408,0.7298,67.502,2.597,45.163,1.8004,-1.8102,2.4906,805.3346,37.2672,0.21055,1,1,1,10,2,0,5,8.3988732548485,,1,0,0,0,A
O002_W0303,2,LOT_02_03,25,P_C,R_BASE,CMP,CMP_01,CH_D,1736.1,0,1.2488,0.03,0.0362,0.0129,0.9439,319.199,321.222,2.9577,836.333,127.304,217.509,0.07687,0.4225,62.231,-0.3225,39.4777,1.6065,-5.6798,-5.2409,789.312,35.5312,0.19808,2,2,2,1,1,1,2,,1.0224424545033486,0,0,0,0,GOOD
O002_W0304,2,LOT_02_08,8,P_B,R_REWORK,PHOTO,CVD_01,CH_A,1871.0,0,1.2375,0.053,0.0151,0.0164,0.9507,320.702,312.084,3.1541,880.534,119.704,212.982,0.08005,0.5448,55.232,-0.7612,41.6142,1.2913,-6.4013,-0.09,772.7281,37.2419,0.07068,4,2,0,2,2,0,1,,1.2073401376531,0,0,0,0,GOOD
O002_W0305,2,LOT_02_06,10,P_B,R_REWORK,CVD,ETCH_01,CH_A,1930.3,0,1.1413,0.0249,0.0261,0.0141,0.945,324.462,313.97,2.9431,842.159,152.846,202.11,0.08882,0.3709,69.259,1.075,42.3046,1.3886,-4.6713,-7.3898,779.0866,38.7231,0.11718,9,2,1,0,0,0,0,,0.8189358234320949,0,0,0,0,GOOD
O002_W0306,2,LOT_02_05,17,P_C,R_BASE,ETCH,CMP_01,CH_B,1907.7,0,1.2152,0.0451,0.0352,0.0292,0.9203,314.018,314.868,3.3039,860.648,115.003,207.58,0.11357,0.4611,64.47,0.9438,40.5338,1.4232,9.596,0.5418,771.1836,38.969,0.17333,4,2,1,4,3,1,0,,0.9415371383212097,0,0,0,0,GOOD
O002_W0307,2,LOT_02_07,13,P_B,R_BASE,CMP,CVD_01,CH_C,1949.5,0,1.0627,0.0217,0.0254,0.0534,0.9508,309.17,321.691,3.2937,885.72,125.177,219.706,0.04287,0.2159,55.685,0.2881,44.6118,1.1887,-2.9496,-0.9669,761.8332,43.9869,0.15607,3,0,3,1,0,0,1,,1.1603498011776696,0,0,0,0,GOOD
O002_W0308,2,LOT_02_01,2,P_B,R_BASE,CVD,ETCH_01,CH_D,1838.1,0,1.3499,0.0508,0.01,0.1243,0.9138,323.578,317.288,3.134,856.871,130.385,191.85,0.10558,0.5242,65.757,0.4592,42.5078,0.9789,3.1838,3.152,790.286,41.1794,0.21011,7,3,0,5,4,1,1,,1.028313757811313,0,0,1,0,C
O002_W0309,2,LOT_02_04,9,P_A,R_BASE,CMP,CMP_01,CH_A,1819.2,0,1.0056,0.0079,0.0291,0.0049,0.9532,327.479,319.541,3.4259,809.966,128.662,191.873,0.10036,0.5623,59.778,-0.6722,40.0176,1.1824,4.8287,2.4964,808.8878,38.1395,0.19202,8,1,2,1,0,1,0,,0.9350124265295612,0,0,0,0,GOOD
O002_W0310,2,LOT_02_06,11,P_A,R_BASE,CMP,PHOTO_01,CH_D,1691.7,0,1.2914,0.0248,0.0234,0.1175,0.9163,318.773,325.719,3.1273,840.146,124.593,223.165,0.06741,0.5455,66.434,-0.6796,40.6191,1.335,8.8642,-1.3905,793.7054,36.43,0.18778,4,1,2,1,2,2,1,,1.031082491145306,0,0,1,0,C
O002_W0311,2,LOT_02_06,17,P_B,R_BASE,PHOTO,ETCH_01,CH_C,1697.6,0,1.4609,0.0378,0.0364,0.1046,0.9311,323.893,315.116,2.96,842.26,130.443,197.412,0.09685,0.465,61.155,1.3554,43.7667,0.7349,-2.2689,11.7579,793.9075,38.4135,0.2661,7,0,1,1,2,0,1,,1.1561685494370761,0,0,1,0,C
O002_W0312,2,LOT_02_08,5,P_B,R_REWORK,CVD,ETCH_03,CH_B,1936.5,0,1.822,0.0525,0.1544,0.019,0.866,318.979,319.365,2.9013,853.838,121.152,207.004,0.08869,0.251,66.564,-1.0018,38.8112,0.6188,6.4397,-8.5286,795.963,41.6987,0.14089,5,0,2,3,1,0,0,,0.9985488887487624,0,1,0,1,B
O002_W0313,2,LOT_02_05,20,P_C,R_BASE,CMP,CVD_01,CH_A,1811.3,0,1.3567,0.0278,0.0383,0.1113,0.9113,319.207,325.176,2.7982,872.967,119.246,205.946,0.08221,0.4203,61.217,-0.7037,39.9928,1.0389,-11.3386,9.3437,761.8813,33.299,0.37067,3,10,0,1,0,0,0,,0.9879929066009546,0,0,1,0,C
O002_W0314,2,LOT_02_08,12,P_A,R_FAST,ETCH,ETCH_02,CH_D,2094.0,1,1.7044,0.1587,0.142,0.0277,0.8691,319.763,313.783,3.5934,919.764,122.404,198.709,0.11567,0.5685,66.656,0.7522,43.3712,1.5982,2.0735,-12.564,788.1261,36.9471,0.17503,6,0,1,8,3,2,5,9.245148213320874,,1,1,0,0,A
O002_W0315,2,LOT_02_03,8,P_A,R_BASE,PHOTO,ETCH_01,CH_C,1683.2,1,1.6628,0.19,0.0562,0.0197,0.8933,323.561,322.025,3.5669,854.026,123.46,208.402,0.12279,0.6702,65.495,0.6178,43.3965,1.9421,-3.3421,-4.1895,757.9812,42.5222,0.21704,4,1,1,5,0,0,1,11.594592439640815,,1,0,0,0,A
O002_W0316,2,LOT_02_01,2,P_A,R_BASE,CVD,ETCH_01,CH_A,1883.3,0,1.3121,0.079,0.039,0.0108,0.9335,318.961,314.257,2.9664,873.605,125.188,207.421,0.05678,0.4724,60.815,-0.4494,43.8617,1.1899,-4.2971,5.7739,756.0583,33.0226,0.16277,3,1,4,4,0,0,0,,1.025782254676046,0,0,0,0,GOOD
O002_W0317,2,LOT_02_02,11,P_A,R_FAST,ETCH,ETCH_03,CH_B,2185.7,1,1.4697,0.1406,0.0438,0.0154,0.9145,319.447,314.088,3.2607,940.748,137.205,210.263,0.07003,0.5309,70.635,0.0929,45.5408,1.7138,-0.346,-4.5462,809.3503,38.1148,0.23498,5,1,1,6,3,0,2,9.382075654605275,,1,0,0,0,A
O002_W0318,2,LOT_02_02,9,P_C,R_BASE,CVD,PHOTO_01,CH_D,1659.5,0,1.2221,0.0295,0.0223,0.1247,0.9247,322.683,320.077,3.0947,828.329,136.018,206.373,0.09578,0.4557,53.805,1.2976,40.7049,0.9644,-5.7369,4.9797,802.7945,37.0466,0.20065,6,6,1,2,1,1,0,,1.0203147064471045,0,0,1,0,C
O002_W0319,2,LOT_02_02,20,P_A,R_BASE,ETCH,CMP_01,CH_A,1959.4,0,1.2869,0.0224,0.0128,0.0241,0.937,327.316,319.576,3.1499,901.775,107.539,205.828,0.09519,0.5541,55.801,-0.2265,40.9945,1.2877,-1.6944,-7.4965,790.8191,36.6149,0.21818,4,1,0,0,2,1,1,,0.9931798020257999,0,0,0,0,GOOD
